Author,Article,Topic,Chair,Conference_edition,Conference_name,Reviewer1,Reviewer2,Opinion_Reviewer1,Opinion_Reviewer2,EventAssign,EventRev1,EventRev2
Andrea Capiluppi,A study of open source software evolution data using qualitative simulation.,Knowledge Discovery,Group_C,2005-10,Healthcare NLP Summit 2022,Colin Tattersall,Yingpu Deng,Description of Reviewer_1 for article: 8904686,Description of Reviewer_2 for article: 8904686,EventAssign_8904686,EventRev1_8904686,EventRev2_8904686
Arne J. Glenstrup,Performance evaluation of multirate time division multiplexed wavelength routed optical networks.,natural language processing,Group_C,2003-26, Gartner Data & Analytics Summit,Emmanouil G. Tsardoulias,Ruyi Dong,Description of Reviewer_1 for article: 8542177,Description of Reviewer_2 for article: 8542177,EventAssign_8542177,EventRev1_8542177,EventRev2_8542177
Tetsuo Endoh,Study on Quantum Electro-Dynamics in Vertical MOSFET.,natural language processing,Group_C,2010-93-C, Gartner Data & Analytics Summit,Dénes Szücs,S. Sreenadh,Description of Reviewer_1 for article: 6573991,Description of Reviewer_2 for article: 6573991,EventAssign_6573991,EventRev1_6573991,EventRev2_6573991
N. Kanagaraj,Hybrid Renewable Energy Source Combined Dynamic Voltage Restorer for Power Quality Improvement.,natural language processing,Group_C,2022-40,Open Data Science Conference ,Xin Feng,Martin Kampel,Description of Reviewer_1 for article: 6231151,Description of Reviewer_2 for article: 6231151,EventAssign_6231151,EventRev1_6231151,EventRev2_6231151
Tino Weinkauf,Flow Visualization and Analysis Using Streak and Time Lines.,natural language processing,Group_A,2012-14,Healthcare NLP Summit 2022,Massimiliano Comisso,Habib F. Rashvand,Description of Reviewer_1 for article: 6722676,Description of Reviewer_2 for article: 6722676,EventAssign_6722676,EventRev1_6722676,EventRev2_6722676
Andrew S. Tanenbaum,File size distribution on UNIX systems: then and now.,natural language processing,Group_A,2006-40,Open Data Science Conference ,Robert Hartung,Emmanouil G. Tsardoulias,Description of Reviewer_1 for article: 6196431,Description of Reviewer_2 for article: 6196431,EventAssign_6196431,EventRev1_6196431,EventRev2_6196431
Seonah Lee,An Empirical Study on Using Multi-Labels for Issues in GitHub.,Knowledge Discovery,Group_A,2021-9,Open Data Science Conference ,Efuwa A. Quansah,Y.-D. Kim,Description of Reviewer_1 for article: 8419739,Description of Reviewer_2 for article: 8419739,EventAssign_8419739,EventRev1_8419739,EventRev2_8419739
Zhenzhan Wang,Tropical Cyclone Rainfall Estimates from FY-3B MWRI Brightness Temperatures Using the WS Algorithm.,natural language processing,Group_A,2018-10,Healthcare NLP Summit 2022,M. Y. Chan,Jangwoo Park,Description of Reviewer_1 for article: 6524343,Description of Reviewer_2 for article: 6524343,EventAssign_6524343,EventRev1_6524343,EventRev2_6524343
Rick Raymer,The Rock Stars of eLearning: An interview with Judy Katz.,databases,Group_A,2013-2013, Gartner Data & Analytics Summit,David R. Smith,José M. Giménez-García,Description of Reviewer_1 for article: 8141196,Description of Reviewer_2 for article: 8141196,EventAssign_8141196,EventRev1_8141196,EventRev2_8141196
Michel Mandjes,Mean sojourn times in two-queue fork-join systems: bounds and approximations.,big data,Group_C,2012-34,Women in Data Science,Salem Alkhalaf,Yen-Chang Chiu,Description of Reviewer_1 for article: 8713252,Description of Reviewer_2 for article: 8713252,EventAssign_8713252,EventRev1_8713252,EventRev2_8713252
Dongfang Yang,A Novel Particle Filter Aided by Interval Analysis Approach.,machine learning,Group_A,2013-42, Gartner Data & Analytics Summit,Chan Fook Mun,Dov M. Gabbay,Description of Reviewer_1 for article: 6220401,Description of Reviewer_2 for article: 6220401,EventAssign_6220401,EventRev1_6220401,EventRev2_6220401
Tarun Maini,Intelligent fuzzy rough set based feature selection using swarm algorithms with improved initialization.,machine learning,Group_C,2019-37, Gartner Data & Analytics Summit,Guangyan Zhang,Jerzy Konorski,Description of Reviewer_1 for article: 8612073,Description of Reviewer_2 for article: 8612073,EventAssign_8612073,EventRev1_8612073,EventRev2_8612073
Jun Cheng 0002,Local structure preserving discriminative projections for RGB-D sensor-based scene classification.,Knowledge Discovery,Group_B,2015-320,Women in Data Science,Alessio Di Simone,I-Wen Mike Chu,Description of Reviewer_1 for article: 6749612,Description of Reviewer_2 for article: 6749612,EventAssign_6749612,EventRev1_6749612,EventRev2_6749612
Enrica Gentile,Cloud Computing for Education: A Systematic Mapping Study.,Knowledge Discovery,Group_A,2018-61.0, Gartner Data & Analytics Summit,Marwa Selmane,Pavan Nuggehalli,Description of Reviewer_1 for article: 6767674,Description of Reviewer_2 for article: 6767674,EventAssign_6767674,EventRev1_6767674,EventRev2_6767674
Tzren-Ru Chou,A stochastic representation of cursive Chinese characters for on-line recognition.,natural language processing,Group_A,1997-30, Gartner Data & Analytics Summit,Theodore S. Papatheodorou,B. V. Jayawant,Description of Reviewer_1 for article: 8203389,Description of Reviewer_2 for article: 8203389,EventAssign_8203389,EventRev1_8203389,EventRev2_8203389
Sören Bartels,Stability and Convergence of Finite-Element Approximation Schemes for Harmonic Maps.,big data,Group_A,2005-43,Open Data Science Conference ,Daqing Zhang 0001,Fred Cohen,Description of Reviewer_1 for article: 8100610,Description of Reviewer_2 for article: 8100610,EventAssign_8100610,EventRev1_8100610,EventRev2_8100610
Shuang Zhou 0014,A New Image Encryption Algorithm with Cantor Diagonal Scrambling Based on the PUMCML System.,big data,Group_A,2021-31,Women in Data Science,Haizhou Li 0001,Enrica Gentile,Description of Reviewer_1 for article: 8894034,Description of Reviewer_2 for article: 8894034,EventAssign_8894034,EventRev1_8894034,EventRev2_8894034
Massimiliano Orsini,Putative human sperm Interactome: a networks study.,big data,Group_A,2018-12,Healthcare NLP Summit 2022,Kumpati S. Narendra,Mehmet C. Vuran,Description of Reviewer_1 for article: 8097322,Description of Reviewer_2 for article: 8097322,EventAssign_8097322,EventRev1_8097322,EventRev2_8097322
Ruyi Dong,New optimization algorithm inspired by fluid mechanics for combined economic and emission dispatch problem.,big data,Group_C,2018-26,Women in Data Science,Kang Gu,Shuang Zhou 0014,Description of Reviewer_1 for article: 8908612,Description of Reviewer_2 for article: 8908612,EventAssign_8908612,EventRev1_8908612,EventRev2_8908612
Jiubin Tan,A Rapid Restoration Method for Infrared Aero-Optical Degraded Image of High-Speed Reconnaissance Aircraft.,databases,Group_C,2014-9,Women in Data Science,Jakub Wróblewski,Eugene Krissinel,Description of Reviewer_1 for article: 7705230,Description of Reviewer_2 for article: 7705230,EventAssign_7705230,EventRev1_7705230,EventRev2_7705230
Pavan Nuggehalli,LTE-WLAN aggregation [Industry Perspectives].,machine learning,Group_C,2016-23,Women in Data Science,Minerva M. Yeung,Mikko Kolehmainen,Description of Reviewer_1 for article: 7280465,Description of Reviewer_2 for article: 7280465,EventAssign_7280465,EventRev1_7280465,EventRev2_7280465
Lars Grüne,Lyapunov-based continuous-time nonlinear controller redesign for sampled-data implementation.,Knowledge Discovery,Group_B,2005-41,Healthcare NLP Summit 2022,Elaine Shi,Lu Yang 0005,Description of Reviewer_1 for article: 6486646,Description of Reviewer_2 for article: 6486646,EventAssign_6486646,EventRev1_6486646,EventRev2_6486646
Hans-Joachim Wunderlich,SWIFT: Switch-Level Fault Simulation on GPUs.,Knowledge Discovery,Group_C,2019-38,Open Data Science Conference ,Anna Tonazzini,Randy Chiao,Description of Reviewer_1 for article: 8223188,Description of Reviewer_2 for article: 8223188,EventAssign_8223188,EventRev1_8223188,EventRev2_8223188
Lynn Bacon Keane,Enterprise 2.0 Management Challenges.,machine learning,Group_B,2011-3,Open Data Science Conference ,K. Ohm,Hideaki Yamashita,Description of Reviewer_1 for article: 6339558,Description of Reviewer_2 for article: 6339558,EventAssign_6339558,EventRev1_6339558,EventRev2_6339558
Rui Zhang 0034,Observer-Based Adaptive Neural Control for Non-Triangular Form Systems With Input Saturation and Full State Constraints.,Knowledge Discovery,Group_C,2019-7,Healthcare NLP Summit 2022,Oleg A. Anenkhonov,Xiaoli Li 0011,Description of Reviewer_1 for article: 8404456,Description of Reviewer_2 for article: 8404456,EventAssign_8404456,EventRev1_8404456,EventRev2_8404456
Saumya Bajpai,Asymptotic behavior and finite element error estimates of Kelvin-Voigt viscoelastic fluid flow model.,databases,Group_C,2017-75,Women in Data Science,Yaonan Wang,Jianfeng Huang,Description of Reviewer_1 for article: 6501142,Description of Reviewer_2 for article: 6501142,EventAssign_6501142,EventRev1_6501142,EventRev2_6501142
V. Gourishankar,"""Comments on """"An Adaptive Pattern Classification System"""".""",machine learning,Group_A,1971-1, Gartner Data & Analytics Summit,Liusheng Huang,L. J. López-Reyes,Description of Reviewer_1 for article: 7792402,Description of Reviewer_2 for article: 7792402,EventAssign_7792402,EventRev1_7792402,EventRev2_7792402
William Rundell,Inverse Obstacle Scattering Using Reduced Data.,natural language processing,Group_C,1998-59,Women in Data Science,Yasuhiko Tamura,P. Friderichsen,Description of Reviewer_1 for article: 7899591,Description of Reviewer_2 for article: 7899591,EventAssign_7899591,EventRev1_7899591,EventRev2_7899591
Xiao Ying 0001,A 3.125-to-22-Gb/s multi-rate clock and data recovery using voltage-regulated active filter.,natural language processing,Group_B,2014-11, Gartner Data & Analytics Summit,Tomer Y. Morad,Jie Zhang 0003,Description of Reviewer_1 for article: 8698051,Description of Reviewer_2 for article: 8698051,EventAssign_8698051,EventRev1_8698051,EventRev2_8698051
Sylvie Gibet,A survey on the animation of signing avatars: From sign representation to utterance synthesis.,machine learning,Group_A,2020-92, Gartner Data & Analytics Summit,Hugues Déprés,Cindy L. Bethel,Description of Reviewer_1 for article: 8261192,Description of Reviewer_2 for article: 8261192,EventAssign_8261192,EventRev1_8261192,EventRev2_8261192
Alan C. Tribble,Software Safety.,Knowledge Discovery,Group_C,2002-19,Healthcare NLP Summit 2022,Tuan Wu,Jop F. Sibeyn,Description of Reviewer_1 for article: 6427136,Description of Reviewer_2 for article: 6427136,EventAssign_6427136,EventRev1_6427136,EventRev2_6427136
Kelly A. Frazer,VISTA : visualizing global DNA sequence alignments of arbitrary length.,Knowledge Discovery,Group_B,2000-16,Healthcare NLP Summit 2022,Seok-Pil Lee,John A. A. Sillince,Description of Reviewer_1 for article: 8188261,Description of Reviewer_2 for article: 8188261,EventAssign_8188261,EventRev1_8188261,EventRev2_8188261
Daisy Monika Lal,Multi-level shared-weight encoding for abstractive sentence summarization.,Knowledge Discovery,Group_A,2022-34, Gartner Data & Analytics Summit,Zhongfeng Qiu,John A. A. Sillince,Description of Reviewer_1 for article: 7468355,Description of Reviewer_2 for article: 7468355,EventAssign_7468355,EventRev1_7468355,EventRev2_7468355
K. Ohm,GeneCluster 2.0: an advanced toolset for bioarray analysis.,natural language processing,Group_C,2004-20,Open Data Science Conference ,Debadatta Swain,Huaguang Zhang,Description of Reviewer_1 for article: 8177705,Description of Reviewer_2 for article: 8177705,EventAssign_8177705,EventRev1_8177705,EventRev2_8177705
Mehmet C. Vuran,Di-Sense: In situ real-time permittivity estimation and soil moisture sensing using wireless underground communications.,databases,Group_B,2019-151,Open Data Science Conference ,Daiqian Xie,Samrat Bhattacharjee,Description of Reviewer_1 for article: 7298564,Description of Reviewer_2 for article: 7298564,EventAssign_7298564,EventRev1_7298564,EventRev2_7298564
Bing Xue 0001,Self-Adaptive Particle Swarm Optimization for Large-Scale Feature Selection in Classification.,Knowledge Discovery,Group_B,2019-13,Open Data Science Conference ,Marwa Selmane,Bernard Donovan,Description of Reviewer_1 for article: 6209505,Description of Reviewer_2 for article: 6209505,EventAssign_6209505,EventRev1_6209505,EventRev2_6209505
Peter M. Todd,A Bottom-up Approach with a Clear View of the Top: How Human Evolutionary Psychology Can Inform Adaptive Behavior Research.,databases,Group_A,1994-3,Women in Data Science,Steven D. Johnson,Hans P. Künzi,Description of Reviewer_1 for article: 6643855,Description of Reviewer_2 for article: 6643855,EventAssign_6643855,EventRev1_6643855,EventRev2_6643855
Marian Gheorghe 0001,kPWorkbench: A software suit for membrane systems.,natural language processing,Group_A,2020-11,Women in Data Science,Huifeng Li,Xingyan Kuang,Description of Reviewer_1 for article: 8380847,Description of Reviewer_2 for article: 8380847,EventAssign_8380847,EventRev1_8380847,EventRev2_8380847
Lu Yang 0005,Geometric shape analysis based finger vein deformation detection and correction.,natural language processing,Group_C,2018-311,Women in Data Science,Mengdi Gan,extra reviewer,Description of Reviewer_1 for article: 8161464,Description of Reviewer_2 for article: 8161464,EventAssign_8161464,EventRev1_8161464,EventRev2_8161464
Dario Cerizza,Model-driven design and development of semantic Web service applications.,machine learning,Group_B,2007-8, Gartner Data & Analytics Summit,Alexander Dockhorn,Mehmet C. Vuran,Description of Reviewer_1 for article: 8547242,Description of Reviewer_2 for article: 8547242,EventAssign_8547242,EventRev1_8547242,EventRev2_8547242
Jun Deguchi,A Neuromorphic Chip Optimized for Deep Learning and CMOS Technology With Time-Domain Analog and Digital Mixed-Signal Processing.,databases,Group_C,2017-52, Gartner Data & Analytics Summit,Zhiping Wang,Lifeng Lai,Description of Reviewer_1 for article: 7511329,Description of Reviewer_2 for article: 7511329,EventAssign_7511329,EventRev1_7511329,EventRev2_7511329
Sung Shik Koh,Geometrical properties between 2-D image plane and 3-D error space.,machine learning,Group_B,2006-3, Gartner Data & Analytics Summit,Hu Xiong,Alexandra Siposová,Description of Reviewer_1 for article: 8695858,Description of Reviewer_2 for article: 8695858,EventAssign_8695858,EventRev1_8695858,EventRev2_8695858
Salem Alkhalaf,Development of a Java-based Mobile application for mathematics learning.,databases,Group_C,2021-26,Open Data Science Conference ,Wojciech Szpankowski,Quan Leng,Description of Reviewer_1 for article: 8903186,Description of Reviewer_2 for article: 8903186,EventAssign_8903186,EventRev1_8903186,EventRev2_8903186
Maia Angelova,Global stability and periodicity in a glucose-insulin regulation model with a single delay.,Knowledge Discovery,Group_C,2021-95,Women in Data Science,Maria Paola Scaparra,Mitsuru Kodama,Description of Reviewer_1 for article: 8676204,Description of Reviewer_2 for article: 8676204,EventAssign_8676204,EventRev1_8676204,EventRev2_8676204
Nor Aina Mohd Jai,Correlating Psychophysiological Responses of Exergaming Boxing for Predictive Heart Rate Regression Models in Young Adults.,machine learning,Group_B,2020-12, Gartner Data & Analytics Summit,Xu Zhang 0005,Haomin Zhang,Description of Reviewer_1 for article: 7478898,Description of Reviewer_2 for article: 7478898,EventAssign_7478898,EventRev1_7478898,EventRev2_7478898
Byung-Won On,A text GAN framework for creative essay recommendation.,Knowledge Discovery,Group_A,2021-232,Women in Data Science,Colin Tattersall,Kristoffer Høgsbro Rose,Description of Reviewer_1 for article: 7372743,Description of Reviewer_2 for article: 7372743,EventAssign_7372743,EventRev1_7372743,EventRev2_7372743
Shi-Kuo Chang,Picture information measures for similarity retrieval.,databases,Group_B,1983-23, Gartner Data & Analytics Summit,Toshio Tokita,Roy F. Keller,Description of Reviewer_1 for article: 8670967,Description of Reviewer_2 for article: 8670967,EventAssign_8670967,EventRev1_8670967,EventRev2_8670967
Yao Li 0006,How Not to Measure Social Network Privacy: A Cross-Country Investigation.,machine learning,Group_A,2021-5,Women in Data Science,Hiroshi Imai,Signy Sheldon,Description of Reviewer_1 for article: 6726580,Description of Reviewer_2 for article: 6726580,EventAssign_6726580,EventRev1_6726580,EventRev2_6726580
Biplab Sikdar,Queueing analysis of polled service classes in the IEEE 802.16 MAC protocol.,natural language processing,Group_C,2009-8, Gartner Data & Analytics Summit,Dansheng Yu,Nebojsa Jojic,Description of Reviewer_1 for article: 6432485,Description of Reviewer_2 for article: 6432485,EventAssign_6432485,EventRev1_6432485,EventRev2_6432485
Yulong Huang,A Computationally Efficient Outlier-Robust Cubature Kalman Filter for Underwater Gravity Matching Navigation.,big data,Group_C,2022-71, Gartner Data & Analytics Summit,Dongfang Yang,Mitsuru Kodama,Description of Reviewer_1 for article: 6199520,Description of Reviewer_2 for article: 6199520,EventAssign_6199520,EventRev1_6199520,EventRev2_6199520
Eike Schulz,A Discrete-event Modeling of ARGESIM Benchmark C20 'Complex Production System' using Flexsim Simulation Software.,machine learning,Group_C,2012-22,Open Data Science Conference ,Takao Ueda,Sanyang Liu,Description of Reviewer_1 for article: 6615384,Description of Reviewer_2 for article: 6615384,EventAssign_6615384,EventRev1_6615384,EventRev2_6615384
Wang Yi 0001,Optimizing the Locations and Sizes of Solar Assisted Electric Vehicle Charging Stations in an Urban Area.,databases,Group_C,2020-8,Open Data Science Conference ,M. Y. Chan,Xiwang Zhang,Description of Reviewer_1 for article: 8401606,Description of Reviewer_2 for article: 8401606,EventAssign_8401606,EventRev1_8401606,EventRev2_8401606
Vanessa Teague,Privately Matching k-mers.,databases,Group_B,2016-2016,Healthcare NLP Summit 2022,Nor Aina Mohd Jai,Frank Ellinger,Description of Reviewer_1 for article: 8276655,Description of Reviewer_2 for article: 8276655,EventAssign_8276655,EventRev1_8276655,EventRev2_8276655
Heysem Kaya,Combining modality-specific extreme learning machines for emotion recognition in the wild.,big data,Group_A,2016-10,Open Data Science Conference ,Mariusz Giero,S. Sreenadh,Description of Reviewer_1 for article: 8794553,Description of Reviewer_2 for article: 8794553,EventAssign_8794553,EventRev1_8794553,EventRev2_8794553
Jyh-Chyi Gong,Imitation and the dynamics of norms.,big data,Group_C,2000-40, Gartner Data & Analytics Summit,Huaguang Zhang,Thomas C. Shermer,Description of Reviewer_1 for article: 7969505,Description of Reviewer_2 for article: 7969505,EventAssign_7969505,EventRev1_7969505,EventRev2_7969505
B. V. Jayawant,Analytical and design aspects of magnetically suspended vehicles.,databases,Group_C,1979-15,Healthcare NLP Summit 2022,Aruna Jain,Tian Zhao,Description of Reviewer_1 for article: 6495739,Description of Reviewer_2 for article: 6495739,EventAssign_6495739,EventRev1_6495739,EventRev2_6495739
Klimis S. Ntalianis,An automatic event-complementing human life summarization scheme based on a social computing method over social media content.,machine learning,Group_C,2016-75,Open Data Science Conference ,Xuefeng Ding,William Maniatty,Description of Reviewer_1 for article: 8043663,Description of Reviewer_2 for article: 8043663,EventAssign_8043663,EventRev1_8043663,EventRev2_8043663
Zhaoping Tang,Railway emergency resource dispatching optimization based on fuzzy satisfaction degree under the priority principle.,Knowledge Discovery,Group_B,2017-33,Open Data Science Conference ,Stefano Russo,Arne J. Glenstrup,Description of Reviewer_1 for article: 8613455,Description of Reviewer_2 for article: 8613455,EventAssign_8613455,EventRev1_8613455,EventRev2_8613455
Weifeng Zhao,Lattice Boltzmann method for general convection-diffusion equations: MRT model and boundary schemes.,databases,Group_A,2019-389,Women in Data Science,Anna Tonazzini,G. G. Gustafson,Description of Reviewer_1 for article: 7978694,Description of Reviewer_2 for article: 7978694,EventAssign_7978694,EventRev1_7978694,EventRev2_7978694
Stefano Russo,Cloud Reliability: Possible Sources of Security and Legal Issues?,databases,Group_A,2018-5,Open Data Science Conference ,Shahin Nazarian,Rosalind Pan,Description of Reviewer_1 for article: 6306115,Description of Reviewer_2 for article: 6306115,EventAssign_6306115,EventRev1_6306115,EventRev2_6306115
Graziella Caprarelli,An Alternative Approach to Mapping Thermophysical Units from Martian Thermal Inertia and Albedo Data Using a Combination of Unsupervised Classification Techniques.,databases,Group_B,2014-6, Gartner Data & Analytics Summit,Martin Reczko,Makoto Kobayashi,Description of Reviewer_1 for article: 6521687,Description of Reviewer_2 for article: 6521687,EventAssign_6521687,EventRev1_6521687,EventRev2_6521687
Arif Khan 0001,The impact of author-selected keywords on citation counts.,natural language processing,Group_B,2016-10,Women in Data Science,Massimiliano Comisso,Subhasmita Sahoo,Description of Reviewer_1 for article: 8935508,Description of Reviewer_2 for article: 8935508,EventAssign_8935508,EventRev1_8935508,EventRev2_8935508
János Sztrik,An algorithmic approach to analysing the reliability of a controllable unreliable queue with two heterogeneous servers.,Knowledge Discovery,Group_B,2018-271, Gartner Data & Analytics Summit,Seungkeun Park,Shlomo Shamai,Description of Reviewer_1 for article: 6648095,Description of Reviewer_2 for article: 6648095,EventAssign_6648095,EventRev1_6648095,EventRev2_6648095
Marinella Bertolotti,Georeferencing of COVID-19 Positive Nasopharyngeal Swabs to Support Emergency Management in an Area of Northern Italy.,big data,Group_B,2022-11, Gartner Data & Analytics Summit,Jeroen Kuipers,Francisco Chiclana,Description of Reviewer_1 for article: 6306559,Description of Reviewer_2 for article: 6306559,EventAssign_6306559,EventRev1_6306559,EventRev2_6306559
Seok-Pil Lee,Fast and Robust Watermarking Method Based on DCT Specific Location.,databases,Group_A,2019-7,Open Data Science Conference ,V. Gourishankar,Mitsuru Kodama,Description of Reviewer_1 for article: 8423435,Description of Reviewer_2 for article: 8423435,EventAssign_8423435,EventRev1_8423435,EventRev2_8423435
María Eugenia Cabello,A Generic Process for the Design and Generation of Software Product Line Skeleton Architectures.,machine learning,Group_C,2014-24,Healthcare NLP Summit 2022,Francesco Caputo,Md. Masud Rana 0001,Description of Reviewer_1 for article: 7875648,Description of Reviewer_2 for article: 7875648,EventAssign_7875648,EventRev1_7875648,EventRev2_7875648
Tsui-Tsai Lin,Performance of Robust OFDM Channel Estimation with Strong Interference Detector.,natural language processing,Group_B,2010-93-B, Gartner Data & Analytics Summit,Shi-Ming Huang,Joseph DiPietro,Description of Reviewer_1 for article: 6562907,Description of Reviewer_2 for article: 6562907,EventAssign_6562907,EventRev1_6562907,EventRev2_6562907
Chwan-Lu Tseng,An Adaptive Supervisory Sliding Fuzzy Cerebellar Model Articulation Controller for Sensorless Vector-Controlled Induction Motor Drive Systems.,big data,Group_C,2015-15, Gartner Data & Analytics Summit,Fred S. Annexstein,Thomas C. Shermer,Description of Reviewer_1 for article: 7398051,Description of Reviewer_2 for article: 7398051,EventAssign_7398051,EventRev1_7398051,EventRev2_7398051
Rafael Brundo Uriarte,Exploring the relation between festivals and host cities on Twitter: a study on the impacts of Lucca Comics & Games.,natural language processing,Group_A,2020-22, Gartner Data & Analytics Summit,Ibrahim Takouna,Emmanuel Reusens,Description of Reviewer_1 for article: 8075716,Description of Reviewer_2 for article: 8075716,EventAssign_8075716,EventRev1_8075716,EventRev2_8075716
Khaled Alkhateeb,Evaluating the Understandability of Android Applications.,natural language processing,Group_C,2018-6,Women in Data Science,Hans-Joachim Wunderlich,Enrique Personal,Description of Reviewer_1 for article: 8934594,Description of Reviewer_2 for article: 8934594,EventAssign_8934594,EventRev1_8934594,EventRev2_8934594
Hamid Davoudpour,An integrated supply chain production-distribution planning with stochastic demands.,databases,Group_A,2014-77,Healthcare NLP Summit 2022,Huifeng Li,Mengdi Gan,Description of Reviewer_1 for article: 8553749,Description of Reviewer_2 for article: 8553749,EventAssign_8553749,EventRev1_8553749,EventRev2_8553749
Oludotun Olubanjo,Demand-supply chain management: systems implications in an SME packaging business in the UK.,big data,Group_C,2012-7,Healthcare NLP Summit 2022,Lirong Liu,B. R. Myers,Description of Reviewer_1 for article: 6483673,Description of Reviewer_2 for article: 6483673,EventAssign_6483673,EventRev1_6483673,EventRev2_6483673
Armin B. Cremers,On the Complexity of Regulated Context-Free Rewriting,databases,Group_C,1974-25,Women in Data Science,Weifeng Zhao,Qilun Zhu,Description of Reviewer_1 for article: 7759701,Description of Reviewer_2 for article: 7759701,EventAssign_7759701,EventRev1_7759701,EventRev2_7759701
Patrick Gallinari,Semi-supervised learning with an imperfect supervisor.,big data,Group_A,2005-8,Healthcare NLP Summit 2022,Holger Karl,Kang Gu,Description of Reviewer_1 for article: 8683703,Description of Reviewer_2 for article: 8683703,EventAssign_8683703,EventRev1_8683703,EventRev2_8683703
Emmanouil G. Tsardoulias,Topological Based Scan Matching - Odometry Posterior Sampling in RBPF Under Kinematic Model Failures.,natural language processing,Group_A,2018-91,Healthcare NLP Summit 2022,Massimiliano Orsini,P. Friderichsen,Description of Reviewer_1 for article: 8152652,Description of Reviewer_2 for article: 8152652,EventAssign_8152652,EventRev1_8152652,EventRev2_8152652
Yingpu Deng,Algebraic Immunity Hierarchy of Boolean Functions.,machine learning,Group_C,2007-2007,Open Data Science Conference ,Jeffrey E. Schaller,Lars Grüne,Description of Reviewer_1 for article: 8282972,Description of Reviewer_2 for article: 8282972,EventAssign_8282972,EventRev1_8282972,EventRev2_8282972
D. Prasanna,Real-time hook selection: a soft computing enabled future location protection mechanism in WSN using LTR measures and random seeding approach.,natural language processing,Group_A,2020-24,Healthcare NLP Summit 2022,Jun Cheng 0002,Biplab Sikdar,Description of Reviewer_1 for article: 8025205,Description of Reviewer_2 for article: 8025205,EventAssign_8025205,EventRev1_8025205,EventRev2_8025205
Marco Mandolini,A multi-objective sequential method for manufacturing cost and structural optimization of modular steel towers.,Knowledge Discovery,Group_B,2020-36, Gartner Data & Analytics Summit,Nikolaj Bjørner,Karen J. Mullinger,Description of Reviewer_1 for article: 6800198,Description of Reviewer_2 for article: 6800198,EventAssign_6800198,EventRev1_6800198,EventRev2_6800198
Alireza Tavakkoli,Non-parametric statistical background modeling for efficient foreground region detection.,Knowledge Discovery,Group_A,2009-20,Women in Data Science,Beatriz Marcotegui,Amar Ramudhin,Description of Reviewer_1 for article: 8112434,Description of Reviewer_2 for article: 8112434,EventAssign_8112434,EventRev1_8112434,EventRev2_8112434
Ping-Ping Dai,Consensus Problem of Heterogeneous Multi-agent Systems with Time Delay under Fixed and Switching Topologies.,databases,Group_B,2014-11,Open Data Science Conference ,Sara Mahdavi-Hezavehi,Steven S. Seiden,Description of Reviewer_1 for article: 6707967,Description of Reviewer_2 for article: 6707967,EventAssign_6707967,EventRev1_6707967,EventRev2_6707967
Jingyu Han,Ranking Wikipedia article's data quality by learning dimension distributions.,natural language processing,Group_A,2014-3,Healthcare NLP Summit 2022,Emmanuelle Vaast,Nguyen T. Thanh,Description of Reviewer_1 for article: 6369349,Description of Reviewer_2 for article: 6369349,EventAssign_6369349,EventRev1_6369349,EventRev2_6369349
Joseph DiPietro,Investigating Perceptions of Avatar Creation for Use in Educational MUVEs.,machine learning,Group_A,2009-1, Gartner Data & Analytics Summit,Scott Henninger,K. Ohm,Description of Reviewer_1 for article: 7841004,Description of Reviewer_2 for article: 7841004,EventAssign_7841004,EventRev1_7841004,EventRev2_7841004
Sudipta Mahapatra,Mapping of neural network models onto massively parallel hierarchical computer systems.,Knowledge Discovery,Group_A,1999-45,Women in Data Science,Kelly A. Frazer,Juan Miguel Medina 0002,Description of Reviewer_1 for article: 7570542,Description of Reviewer_2 for article: 7570542,EventAssign_7570542,EventRev1_7570542,EventRev2_7570542
Ingo Scholtes,Analysing Time-Stamped Co-Editing Networks in Software Development Teams using git2net.,natural language processing,Group_C,2021-26, Gartner Data & Analytics Summit,Pavan Nuggehalli,John A. A. Sillince,Description of Reviewer_1 for article: 8701255,Description of Reviewer_2 for article: 8701255,EventAssign_8701255,EventRev1_8701255,EventRev2_8701255
Guangyi Liu,Communicating in the real world: 3D MIMO.,natural language processing,Group_B,2014-21,Open Data Science Conference ,Minerva M. Yeung,Ricardo García-Ródenas,Description of Reviewer_1 for article: 7280485,Description of Reviewer_2 for article: 7280485,EventAssign_7280485,EventRev1_7280485,EventRev2_7280485
Habib F. Rashvand,Smartphone intelligent applications: a brief review.,natural language processing,Group_B,2015-21,Open Data Science Conference ,Henry Cohn,Sören Bartels,Description of Reviewer_1 for article: 6594823,Description of Reviewer_2 for article: 6594823,EventAssign_6594823,EventRev1_6594823,EventRev2_6594823
Jie Zhang 0003,A Survey of Online Data-Driven Proactive 5G Network Optimisation Using Machine Learning.,big data,Group_C,2020-8,Women in Data Science,Henry Cohn,Leonid Berezansky,Description of Reviewer_1 for article: 8428558,Description of Reviewer_2 for article: 8428558,EventAssign_8428558,EventRev1_8428558,EventRev2_8428558
László G. Nyúl,A Measure of Directional Convexity Inspired by Binary Tomography.,natural language processing,Group_B,2015-141,Open Data Science Conference ,Liangliang Li,Kristoffer Høgsbro Rose,Description of Reviewer_1 for article: 8618859,Description of Reviewer_2 for article: 8618859,EventAssign_8618859,EventRev1_8618859,EventRev2_8618859
Rafael Dueire Lins,An efficient algorithm for cyclic reference counting.,big data,Group_A,2002-83,Open Data Science Conference ,Rick Raymer,Jop F. Sibeyn,Description of Reviewer_1 for article: 7764021,Description of Reviewer_2 for article: 7764021,EventAssign_7764021,EventRev1_7764021,EventRev2_7764021
Gilles Hétreux,Dynamic hybrid simulation of batch processes driven by a scheduling module.,big data,Group_C,2011-35,Women in Data Science,Kentarou Fukuda,Martin Kampel,Description of Reviewer_1 for article: 8078289,Description of Reviewer_2 for article: 8078289,EventAssign_8078289,EventRev1_8078289,EventRev2_8078289
Munchurl Kim,HEVC-Based Perceptually Adaptive Video Coding Using a DCT-Based Local Distortion Detection Probability Model.,machine learning,Group_C,2016-25,Healthcare NLP Summit 2022,Leo Gordon,Juan Miguel Medina 0002,Description of Reviewer_1 for article: 7254600,Description of Reviewer_2 for article: 7254600,EventAssign_7254600,EventRev1_7254600,EventRev2_7254600
Dirk Roos,Electricity generation in a microbial fuel cell with textile carbon fibre anodes.,big data,Group_A,2021-83.0,Open Data Science Conference ,Rui Zhang 0034,Mohammad Reza Meybodi,Description of Reviewer_1 for article: 6769871,Description of Reviewer_2 for article: 6769871,EventAssign_6769871,EventRev1_6769871,EventRev2_6769871
Dong Wang,Research on the dynamic characteristics of a 3-DOF parallel tool head.,databases,Group_C,2017-44, Gartner Data & Analytics Summit,Yue Yuan,Mohammad Ranjbar,Description of Reviewer_1 for article: 7460786,Description of Reviewer_2 for article: 7460786,EventAssign_7460786,EventRev1_7460786,EventRev2_7460786
Zhongfeng Qiu,Global Validation of MODIS C6 and C6.1 Merged Aerosol Products over Diverse Vegetated Surfaces.,Knowledge Discovery,Group_B,2018-10, Gartner Data & Analytics Summit,Xu Zhang 0005,S. Sreenadh,Description of Reviewer_1 for article: 6520847,Description of Reviewer_2 for article: 6520847,EventAssign_6520847,EventRev1_6520847,EventRev2_6520847
Munish Chauhan,Frequency-Dependent Conductivity Contrast for Tissue Characterization Using a Dual-Frequency Range Conductivity Mapping Magnetic Resonance Method.,databases,Group_B,2015-34,Women in Data Science,Yoram Bachrach,Huifeng Li,Description of Reviewer_1 for article: 7304960,Description of Reviewer_2 for article: 7304960,EventAssign_7304960,EventRev1_7304960,EventRev2_7304960
Zhenyong Zhang,Zero-Parameter-Information Data Integrity Attacks and Countermeasures in IoT-Based Smart Grid.,natural language processing,Group_A,2021-8, Gartner Data & Analytics Summit,Qilun Zhu,Jong-Moon Chung,Description of Reviewer_1 for article: 8137026,Description of Reviewer_2 for article: 8137026,EventAssign_8137026,EventRev1_8137026,EventRev2_8137026
Jean-Luc Vay,Asymmetric PML for the absorption of waves. Application to mesh refinement in electromagnetic Particle-In-Cell plasma simulations.,databases,Group_C,2004-164,Healthcare NLP Summit 2022,Michael A. Wolfe,Kumpati S. Narendra,Description of Reviewer_1 for article: 8812517,Description of Reviewer_2 for article: 8812517,EventAssign_8812517,EventRev1_8812517,EventRev2_8812517
Takashi Ikeda,Investigation of Causal Relationship Between Touch Sensations of Robots and Personality Impressions by Path Analysis.,Knowledge Discovery,Group_B,2019-11,Healthcare NLP Summit 2022,Hugues Déprés,Yasuhiko Tamura,Description of Reviewer_1 for article: 7889210,Description of Reviewer_2 for article: 7889210,EventAssign_7889210,EventRev1_7889210,EventRev2_7889210
Zhiping Wang,Synchronizable test sequence generation using UIO sequences.,big data,Group_A,1993-16,Healthcare NLP Summit 2022,Anton A. Marchenko,Md. Masud Rana 0001,Description of Reviewer_1 for article: 8541002,Description of Reviewer_2 for article: 8541002,EventAssign_8541002,EventRev1_8541002,EventRev2_8541002
James Lam,Robust H ∞ reliable control for a class of uncertain neutral delay systems.,big data,Group_A,2002-33,Healthcare NLP Summit 2022,Ángel Borrego,Maria Paola Scaparra,Description of Reviewer_1 for article: 6194808,Description of Reviewer_2 for article: 6194808,EventAssign_6194808,EventRev1_6194808,EventRev2_6194808
Nathan Linial,Covering digraphs by paths.,machine learning,Group_C,1978-23,Open Data Science Conference ,Jeroen Kuipers,Vanessa Teague,Description of Reviewer_1 for article: 8473153,Description of Reviewer_2 for article: 8473153,EventAssign_8473153,EventRev1_8473153,EventRev2_8473153
Joonsang Baek,Subversion in Practice: How to Efficiently Undermine Signatures.,natural language processing,Group_A,2019-7, Gartner Data & Analytics Summit,Sridhar Seshadri,Xiwang Zhang,Description of Reviewer_1 for article: 8403017,Description of Reviewer_2 for article: 8403017,EventAssign_8403017,EventRev1_8403017,EventRev2_8403017
Huaguang Zhang,Event-trigger-based robust control for nonlinear constrained-input systems using reinforcement learning method.,machine learning,Group_C,2019-340,Healthcare NLP Summit 2022,Harish Chandran,Jie Shen 0001,Description of Reviewer_1 for article: 8159796,Description of Reviewer_2 for article: 8159796,EventAssign_8159796,EventRev1_8159796,EventRev2_8159796
Anna Tonazzini,Digital image analysis to enhance underwritten text in the Archimedes palimpsest.,natural language processing,Group_B,2007-9,Open Data Science Conference ,Licheng Jiao,Xiaoli Li 0011,Description of Reviewer_1 for article: 7707930,Description of Reviewer_2 for article: 7707930,EventAssign_7707930,EventRev1_7707930,EventRev2_7707930
John A. A. Sillince,Extending electronic coordination mechanisms using argumentation: the case of task allocation.,Knowledge Discovery,Group_B,1998-10, Gartner Data & Analytics Summit,Jian-Sheng Fan,Evans C. Coutinho,Description of Reviewer_1 for article: 7369503,Description of Reviewer_2 for article: 7369503,EventAssign_7369503,EventRev1_7369503,EventRev2_7369503
Jianfeng Wang,Learning intents behind interactions with high-order graph for session-based intelligent recommendation.,natural language processing,Group_C,2022-42,Women in Data Science,Thomas C. Shermer,Yunfeng Ge,Description of Reviewer_1 for article: 8615235,Description of Reviewer_2 for article: 8615235,EventAssign_8615235,EventRev1_8615235,EventRev2_8615235
P. Jones,Inferring missing links in partially observed social networks.,machine learning,Group_A,2009-60,Women in Data Science,Ludek Matyska,Salem Alkhalaf,Description of Reviewer_1 for article: 6378525,Description of Reviewer_2 for article: 6378525,EventAssign_6378525,EventRev1_6378525,EventRev2_6378525
Yen-Chang Chiu,Enhanced authentication scheme with anonymity for roaming service in global mobility networks.,databases,Group_C,2009-32,Open Data Science Conference ,Matthew K. H. Leung,José M. Giménez-García,Description of Reviewer_1 for article: 8540284,Description of Reviewer_2 for article: 8540284,EventAssign_8540284,EventRev1_8540284,EventRev2_8540284
Randy Chiao,Multiresolution genetic clustering algorithm for texture segmentation.,machine learning,Group_A,2003-21, Gartner Data & Analytics Summit,Hsin-Kai Wu,Anna Lisa Ferrara,Description of Reviewer_1 for article: 6251936,Description of Reviewer_2 for article: 6251936,EventAssign_6251936,EventRev1_6251936,EventRev2_6251936
Peng Shi 0002,Approximation algorithms for restless bandit problems.,natural language processing,Group_A,2010-58,Open Data Science Conference ,Wojciech Szpankowski,Karim Nouioua,Description of Reviewer_1 for article: 7632147,Description of Reviewer_2 for article: 7632147,EventAssign_7632147,EventRev1_7632147,EventRev2_7632147
Germain Garcia,State feedback design for input-saturating quadratic systems.,databases,Group_C,2010-46,Healthcare NLP Summit 2022,B. V. Jayawant,Tadeusz Lasota,Description of Reviewer_1 for article: 6486832,Description of Reviewer_2 for article: 6486832,EventAssign_6486832,EventRev1_6486832,EventRev2_6486832
Vsevolod Bohaienko,Numerical schemes for modelling time-fractional dynamics of non-isothermal diffusion in soils.,natural language processing,Group_C,2019-157,Healthcare NLP Summit 2022,Debadatta Swain,Maia Angelova,Description of Reviewer_1 for article: 6387901,Description of Reviewer_2 for article: 6387901,EventAssign_6387901,EventRev1_6387901,EventRev2_6387901
Ana Fernández Vilas,KEPPAN: Knowledge exploitation for proactively-planned ad-hoc networks.,machine learning,Group_A,2009-32, Gartner Data & Analytics Summit,Debadatta Swain,Jun Cheng 0002,Description of Reviewer_1 for article: 7848314,Description of Reviewer_2 for article: 7848314,EventAssign_7848314,EventRev1_7848314,EventRev2_7848314
Christian Sallaberry,Évaluation de la pertinence des résultats en recherche d'information géographique. Définition d'un cadre expérimental et validation de l'apport des dimensions de l'information géographique.,machine learning,Group_C,2011-14,Open Data Science Conference ,Liusheng Huang,Tianhong Zhu,Description of Reviewer_1 for article: 7670269,Description of Reviewer_2 for article: 7670269,EventAssign_7670269,EventRev1_7670269,EventRev2_7670269
Xiwang Zhang,Spatiotemporal Comparison and Validation of Three Global-Scale Fractional Vegetation Cover Products.,databases,Group_B,2019-11, Gartner Data & Analytics Summit,Henry Cohn,Erich Strohmaier,Description of Reviewer_1 for article: 6512188,Description of Reviewer_2 for article: 6512188,EventAssign_6512188,EventRev1_6512188,EventRev2_6512188
Jan Kalina,Implicitly Weighted Methods in Robust Image Analysis.,databases,Group_C,2012-44, Gartner Data & Analytics Summit,Enrica Gentile,Harish Chandran,Description of Reviewer_1 for article: 7803846,Description of Reviewer_2 for article: 7803846,EventAssign_7803846,EventRev1_7803846,EventRev2_7803846
Joseph Cheriyan,Directed ,natural language processing,Group_A,1994-14,Healthcare NLP Summit 2022,Ernie Brickell,Giuseppe Marmo,Description of Reviewer_1 for article: 8590982,Description of Reviewer_2 for article: 8590982,EventAssign_8590982,EventRev1_8590982,EventRev2_8590982
C. Lalas,A simulation-based hybrid backwards scheduling framework for manufacturing systems.,Knowledge Discovery,Group_A,2006-19,Open Data Science Conference ,Hongwu Ma,Don Towsley,Description of Reviewer_1 for article: 8337942,Description of Reviewer_2 for article: 8337942,EventAssign_8337942,EventRev1_8337942,EventRev2_8337942
Wojciech Szpankowski,Philippe Flajolet's Research in Analysis of Algorithms and Combinatorics.,databases,Group_A,1998-22,Healthcare NLP Summit 2022,Giray Ökten,Eric Stofsky,Description of Reviewer_1 for article: 7857768,Description of Reviewer_2 for article: 7857768,EventAssign_7857768,EventRev1_7857768,EventRev2_7857768
Hong-June Park,Introduction to the Special Section on the 2018 Asian Solid-State Circuits Conference (A-SSCC).,machine learning,Group_A,2019-54,Women in Data Science,Eric Stofsky,Ernie Brickell,Description of Reviewer_1 for article: 7508404,Description of Reviewer_2 for article: 7508404,EventAssign_7508404,EventRev1_7508404,EventRev2_7508404
Anna Lisa Ferrara,Modeling A Certified Email Protocol using I/O Automata.,databases,Group_A,2004-99,Women in Data Science,Marwa Selmane,Guang R. Gao,Description of Reviewer_1 for article: 8970543,Description of Reviewer_2 for article: 8970543,EventAssign_8970543,EventRev1_8970543,EventRev2_8970543
Mengdi Gan,An Improved Mixed-Integer Programming Method to Compute Emptiable Minimal Siphons in S,Knowledge Discovery,Group_C,2018-26, Gartner Data & Analytics Summit,Wenjun Chris Zhang,Aurélien Baillon,Description of Reviewer_1 for article: 7261941,Description of Reviewer_2 for article: 7261941,EventAssign_7261941,EventRev1_7261941,EventRev2_7261941
Georgios M. Santipantakis,Decomposing Ontologies for the Construction of Distributed Knowledge Bases: The ,natural language processing,Group_B,2015-24,Open Data Science Conference ,Dov M. Gabbay,Joonsang Baek,Description of Reviewer_1 for article: 8119476,Description of Reviewer_2 for article: 8119476,EventAssign_8119476,EventRev1_8119476,EventRev2_8119476
Naichao Wang,A condition-based maintenance model considering multiple maintenance effects on the dependent failure processes.,machine learning,Group_C,2022-220,Healthcare NLP Summit 2022,Eugene Krissinel,Ana Fernández Vilas,Description of Reviewer_1 for article: 6788130,Description of Reviewer_2 for article: 6788130,EventAssign_6788130,EventRev1_6788130,EventRev2_6788130
Jian-Sheng Fan,Automated crack assessment and quantitative growth monitoring.,natural language processing,Group_B,2021-36,Healthcare NLP Summit 2022,Håkon Tjelmeland,Ricardo García-Ródenas,Description of Reviewer_1 for article: 7262485,Description of Reviewer_2 for article: 7262485,EventAssign_7262485,EventRev1_7262485,EventRev2_7262485
Saumya K. Debray,Automatic Mode Inference for Logic Programs.,natural language processing,Group_B,1988-5,Open Data Science Conference ,Nebojsa Jojic,Wenjun Chris Zhang,Description of Reviewer_1 for article: 6638355,Description of Reviewer_2 for article: 6638355,EventAssign_6638355,EventRev1_6638355,EventRev2_6638355
Zhenhua Guo 0001,Binary Filter for Fast Vessel Pattern Extraction.,natural language processing,Group_C,2019-49, Gartner Data & Analytics Summit,Naichao Wang,Breno Augusto De Melo Menezes,Description of Reviewer_1 for article: 7913678,Description of Reviewer_2 for article: 7913678,EventAssign_7913678,EventRev1_7913678,EventRev2_7913678
Gordon E. Bromage,"""Certification of """"Algorithm 475: Visible Surface Plotting Program [J6]"""".""",machine learning,Group_C,1975-1,Women in Data Science,Xiwang Zhang,Guang R. Gao,Description of Reviewer_1 for article: 8395873,Description of Reviewer_2 for article: 8395873,EventAssign_8395873,EventRev1_8395873,EventRev2_8395873
Laurent Gosse,Aliasing and two-dimensional well-balanced for drift-diffusion equations on square grids.,databases,Group_C,2020-89,Open Data Science Conference ,Kang Gu,Dirk Roose,Description of Reviewer_1 for article: 6372008,Description of Reviewer_2 for article: 6372008,EventAssign_6372008,EventRev1_6372008,EventRev2_6372008
Dansheng Yu,Pointwise and global estimate for approximation by rational functions with prescribed numerator degree.,machine learning,Group_A,2010-162, Gartner Data & Analytics Summit,Joseph Cheriyan,Fan Zhang 0008,Description of Reviewer_1 for article: 8387814,Description of Reviewer_2 for article: 8387814,EventAssign_8387814,EventRev1_8387814,EventRev2_8387814
Don Towsley,On the scalability of P2P swarming systems.,databases,Group_C,2019-151,Healthcare NLP Summit 2022,Jong-Moon Chung,Ping Yan,Description of Reviewer_1 for article: 7294766,Description of Reviewer_2 for article: 7294766,EventAssign_7294766,EventRev1_7294766,EventRev2_7294766
R. S. Ahluwalia,Sensor-based obstruction avoidance technique for a mobile robot.,Knowledge Discovery,Group_A,1984-1,Healthcare NLP Summit 2022,Yiyu Yao,József Solymosi,Description of Reviewer_1 for article: 8021541,Description of Reviewer_2 for article: 8021541,EventAssign_8021541,EventRev1_8021541,EventRev2_8021541
Jianbin Qiu,Reliable fuzzy output feedback control of nonlinear parabolic distributed parameter systems with sensor faults.,databases,Group_A,2015-29,Healthcare NLP Summit 2022,Marinella Bertolotti,Gary Gordon,Description of Reviewer_1 for article: 8611475,Description of Reviewer_2 for article: 8611475,EventAssign_8611475,EventRev1_8611475,EventRev2_8611475
Isaac Harris,Approximation of the Zero-Index Transmission Eigenvalues with a Conductive Boundary and Parameter Estimation.,Knowledge Discovery,Group_C,2020-82,Open Data Science Conference ,Xiangyu Y. Hu,Ellen E. Eischen,Description of Reviewer_1 for article: 8860861,Description of Reviewer_2 for article: 8860861,EventAssign_8860861,EventRev1_8860861,EventRev2_8860861
Abdeldjalil Slama,A Bayesian analysis of a change in the parameters of autoregressive time series.,natural language processing,Group_C,2017-46,Open Data Science Conference ,Akira Hirose,Hsu-Hao Tsai,Description of Reviewer_1 for article: 6220699,Description of Reviewer_2 for article: 6220699,EventAssign_6220699,EventRev1_6220699,EventRev2_6220699
Antoine Bossard,Node-to-set disjoint paths routing in a metacube.,natural language processing,Group_B,2015-8, Gartner Data & Analytics Summit,Tsui-Tsai Lin,Ismat Beg,Description of Reviewer_1 for article: 8598118,Description of Reviewer_2 for article: 8598118,EventAssign_8598118,EventRev1_8598118,EventRev2_8598118
Luca Foschini 0001,Measuring the impact of COVID-19 restrictions on mobility: A real case study from Italy.,natural language processing,Group_C,2021-23,Open Data Science Conference ,P. Friderichsen,Arindam Sarkar,Description of Reviewer_1 for article: 7379001,Description of Reviewer_2 for article: 7379001,EventAssign_7379001,EventRev1_7379001,EventRev2_7379001
Raúl Guinovart-Díaz,Temperature-related effective properties and exact relations for thermo-magneto-electro-elastic fibrous composites.,Knowledge Discovery,Group_B,2015-69.0,Healthcare NLP Summit 2022,A. Frank van der Stappen,Mehmet Ekmekci,Description of Reviewer_1 for article: 6769415,Description of Reviewer_2 for article: 6769415,EventAssign_6769415,EventRev1_6769415,EventRev2_6769415
Sharad Acharya,Mobile Payments in Emerging Markets.,machine learning,Group_C,2012-14,Women in Data Science,Igor S. Pandzic,Tadeusz Lasota,Description of Reviewer_1 for article: 7589141,Description of Reviewer_2 for article: 7589141,EventAssign_7589141,EventRev1_7589141,EventRev2_7589141
Jeroen Kuipers,Subgame Perfection in Positive Recursive Games with Perfect Information.,databases,Group_C,2010-35,Women in Data Science,Marian Gheorghe 0001,Dong Wang,Description of Reviewer_1 for article: 7844645,Description of Reviewer_2 for article: 7844645,EventAssign_7844645,EventRev1_7844645,EventRev2_7844645
D. K. R. Babajee,An improvement to double-step Newton method and its multi-step version for solving system of nonlinear equations and its applications.,Knowledge Discovery,Group_B,2017-74,Women in Data Science,Licheng Jiao,Enrica Gentile,Description of Reviewer_1 for article: 6499578,Description of Reviewer_2 for article: 6499578,EventAssign_6499578,EventRev1_6499578,EventRev2_6499578
Ángel Borrego,The impact of MOOCs on library and information science education.,natural language processing,Group_A,2019-35,Women in Data Science,Sridhar Seshadri,Michael A. Wolfe,Description of Reviewer_1 for article: 8840926,Description of Reviewer_2 for article: 8840926,EventAssign_8840926,EventRev1_8840926,EventRev2_8840926
Andrew J. Bernoff,Education.,natural language processing,Group_B,2008-50,Open Data Science Conference ,Ji Hwan Cha,Mitsuru Kodama,Description of Reviewer_1 for article: 8914005,Description of Reviewer_2 for article: 8914005,EventAssign_8914005,EventRev1_8914005,EventRev2_8914005
Lukas Lanza,Internal dynamics of multibody systems.,machine learning,Group_A,2021-152,Women in Data Science,I-Wen Mike Chu,Enrica Gentile,Description of Reviewer_1 for article: 6162307,Description of Reviewer_2 for article: 6162307,EventAssign_6162307,EventRev1_6162307,EventRev2_6162307
Kent Myers,Autonomous FEs (AFE) - A stride toward personalized medicine.,natural language processing,Group_C,2020-80.0,Women in Data Science,Yipin Sun,Nguyen T. Thanh,Description of Reviewer_1 for article: 6772585,Description of Reviewer_2 for article: 6772585,EventAssign_6772585,EventRev1_6772585,EventRev2_6772585
Na Wang,What is New about the Internet Delay Space?,Knowledge Discovery,Group_C,2014-6,Women in Data Science,Lirong Liu,Dirk Roose,Description of Reviewer_1 for article: 8559029,Description of Reviewer_2 for article: 8559029,EventAssign_8559029,EventRev1_8559029,EventRev2_8559029
Nguyen T. Thanh,Full-Order observer design for nonlinear complex large-scale systems with unknown time-varying delayed interactions.,machine learning,Group_C,2015-21,Healthcare NLP Summit 2022,Debadatta Swain,Dénes Szücs,Description of Reviewer_1 for article: 6384510,Description of Reviewer_2 for article: 6384510,EventAssign_6384510,EventRev1_6384510,EventRev2_6384510
Alessio Di Simone,Sensitivity Analysis of the Scattering-Based SARBM3D Despeckling Algorithm.,databases,Group_C,2016-16, Gartner Data & Analytics Summit,Hongwu Ma,Xin Feng,Description of Reviewer_1 for article: 7429225,Description of Reviewer_2 for article: 7429225,EventAssign_7429225,EventRev1_7429225,EventRev2_7429225
Katsutoshi Yada,Mining Pharmacy Data Helps to Make Profits.,big data,Group_C,1998-2,Healthcare NLP Summit 2022,Yen-Chang Chiu,Michael N. Vrahatis,Description of Reviewer_1 for article: 7660007,Description of Reviewer_2 for article: 7660007,EventAssign_7660007,EventRev1_7660007,EventRev2_7660007
Maria Letizia Corradini,On the adoption of a fractional-order sliding surface for the robust control of integer-order LTI plants.,natural language processing,Group_C,2015-51,Healthcare NLP Summit 2022,Huan Liu 0001,Ellen E. Eischen,Description of Reviewer_1 for article: 6488538,Description of Reviewer_2 for article: 6488538,EventAssign_6488538,EventRev1_6488538,EventRev2_6488538
Butje Eddy Patuwo,Artificial neural networks in bankruptcy prediction: General framework and cross-validation analysis.,databases,Group_C,1999-116,Women in Data Science,Qilun Zhu,Michael C. Wicks,Description of Reviewer_1 for article: 6656470,Description of Reviewer_2 for article: 6656470,EventAssign_6656470,EventRev1_6656470,EventRev2_6656470
Lifeng Lai,On Channel Selection for Carrier Aggregation Systems.,big data,Group_A,2018-66,Women in Data Science,Mohammad Nazir Ahmad,Colin Tattersall,Description of Reviewer_1 for article: 8504970,Description of Reviewer_2 for article: 8504970,EventAssign_8504970,EventRev1_8504970,EventRev2_8504970
James H. Clark 0001,Designing Surfaces in 3-D.,Knowledge Discovery,Group_C,1976-19,Open Data Science Conference ,Hans P. Künzi,Sergey Poslavskiy,Description of Reviewer_1 for article: 7817837,Description of Reviewer_2 for article: 7817837,EventAssign_7817837,EventRev1_7817837,EventRev2_7817837
Daniele Cesarini,Improving Resilience to Timing Errors by Exposing Variability Effects to Software in Tightly-Coupled Processor Clusters.,Knowledge Discovery,Group_C,2014-4,Healthcare NLP Summit 2022,José M. Giménez-García,Sudipta Mahapatra,Description of Reviewer_1 for article: 7486834,Description of Reviewer_2 for article: 7486834,EventAssign_7486834,EventRev1_7486834,EventRev2_7486834
Kok Lay Teo,A Hybrid Descent Method for Global Optimization.,natural language processing,Group_C,2004-28,Healthcare NLP Summit 2022,Jerzy Konorski,Matthew K. H. Leung,Description of Reviewer_1 for article: 7726236,Description of Reviewer_2 for article: 7726236,EventAssign_7726236,EventRev1_7726236,EventRev2_7726236
Sangheon Pack,Performance Optimization of Delayed WiFi Offloading in Heterogeneous Networks.,databases,Group_B,2017-66, Gartner Data & Analytics Summit,K. Hopper,Yue Yuan,Description of Reviewer_1 for article: 8308028,Description of Reviewer_2 for article: 8308028,EventAssign_8308028,EventRev1_8308028,EventRev2_8308028
H. Dakhlaoui,Spin-dependent transmission of holes in III-V diluted magnetic semiconductor based heterostructure.,big data,Group_A,2006-37, Gartner Data & Analytics Summit,William Rundell,Michael N. Vrahatis,Description of Reviewer_1 for article: 7917910,Description of Reviewer_2 for article: 7917910,EventAssign_7917910,EventRev1_7917910,EventRev2_7917910
Amar Ramudhin,A review of priority criteria and decision-making methods applied in selection of sustainable city logistics initiatives and collaboration partners.,Knowledge Discovery,Group_A,2019-57,Women in Data Science,Mukesh Kumar,Yaonan Wang,Description of Reviewer_1 for article: 6185737,Description of Reviewer_2 for article: 6185737,EventAssign_6185737,EventRev1_6185737,EventRev2_6185737
Wenjun Chris Zhang,A Novel Resilient Robot: Kinematic Analysis and Experimentation.,machine learning,Group_B,2020-8,Healthcare NLP Summit 2022,Kwabena A. Narh,Caishun Li,Description of Reviewer_1 for article: 8431352,Description of Reviewer_2 for article: 8431352,EventAssign_8431352,EventRev1_8431352,EventRev2_8431352
Fred S. Annexstein,On Testing Consecutive-ones Property in Parallel.,natural language processing,Group_B,1998-88,Open Data Science Conference ,Chi-Wang Shu,Mohan Krishnamoorthy,Description of Reviewer_1 for article: 6454089,Description of Reviewer_2 for article: 6454089,EventAssign_6454089,EventRev1_6454089,EventRev2_6454089
James Slevinsky,Next-Generation Video Network Design Tenets: Building a Better Video Delivery Service.,big data,Group_B,2019-8,Open Data Science Conference ,Satish Chand,Satish Chand,Description of Reviewer_1 for article: 8755812,Description of Reviewer_2 for article: 8755812,EventAssign_8755812,EventRev1_8755812,EventRev2_8755812
Juan Miguel Medina 0002,On the Papoulis Sampling Theorem: Some General Conditions.,machine learning,Group_B,2018-64, Gartner Data & Analytics Summit,N. Kanagaraj,Patrick Gallinari,Description of Reviewer_1 for article: 7600868,Description of Reviewer_2 for article: 7600868,EventAssign_7600868,EventRev1_7600868,EventRev2_7600868
Paul Cotter,A personalised TV listings service for the digital TV age.,big data,Group_C,2000-13, Gartner Data & Analytics Summit,Michael Thomas,Bryan Houliston,Description of Reviewer_1 for article: 7368574,Description of Reviewer_2 for article: 7368574,EventAssign_7368574,EventRev1_7368574,EventRev2_7368574
Jan van den Berg,A hybrid customer prediction system based on multiple forward stepwise logistic regression mode.,big data,Group_C,2012-16, Gartner Data & Analytics Summit,Ruyi Dong,Michael Thomas,Description of Reviewer_1 for article: 8002644,Description of Reviewer_2 for article: 8002644,EventAssign_8002644,EventRev1_8002644,EventRev2_8002644
Chin-Shang Li,A Partially Linear Model with Its Applications.,databases,Group_B,2013-42,Women in Data Science,Huaguang Zhang,I. R. Wilson,Description of Reviewer_1 for article: 6221385,Description of Reviewer_2 for article: 6221385,EventAssign_6221385,EventRev1_6221385,EventRev2_6221385
Mamta Rani,Control of Dynamic Noise in Transcendental Julia and Mandelbrot Sets by Superior Iteration Method.,natural language processing,Group_B,2018-7,Healthcare NLP Summit 2022,Shi-Ming Huang,Jeffrey E. Schaller,Description of Reviewer_1 for article: 6442885,Description of Reviewer_2 for article: 6442885,EventAssign_6442885,EventRev1_6442885,EventRev2_6442885
Xu Zhang 0005,Various Shadowing in Linear Dynamical Systems.,machine learning,Group_B,2019-29,Open Data Science Conference ,Mitsuru Kodama,Jianbin Qiu,Description of Reviewer_1 for article: 8890953,Description of Reviewer_2 for article: 8890953,EventAssign_8890953,EventRev1_8890953,EventRev2_8890953
Qiang Ji,Content-Based Video Emotion Tagging Augmented by Users' Multiple Physiological Responses.,databases,Group_A,2019-10,Women in Data Science,Alireza Tavakkoli,C. Lalas,Description of Reviewer_1 for article: 6312613,Description of Reviewer_2 for article: 6312613,EventAssign_6312613,EventRev1_6312613,EventRev2_6312613
Hiroshi Imai,Generating facets for the cut polytope of a graph by triangular elimination.,databases,Group_B,2008-112,Open Data Science Conference ,Jop F. Sibeyn,Cory Andrew Henson,Description of Reviewer_1 for article: 7681921,Description of Reviewer_2 for article: 7681921,EventAssign_7681921,EventRev1_7681921,EventRev2_7681921
Alia Asheralieva,Joint power and bandwidth allocation in IEEE802.22 based cognitive LTE network.,Knowledge Discovery,Group_A,2014-71, Gartner Data & Analytics Summit,Karen J. Mullinger,Mukesh Kumar,Description of Reviewer_1 for article: 7295935,Description of Reviewer_2 for article: 7295935,EventAssign_7295935,EventRev1_7295935,EventRev2_7295935
Robert Hartung,Towards Accurate Bit Error Simulation in Wireless Sensor Networks Including Environmental Influences.,machine learning,Group_A,2020-35,Healthcare NLP Summit 2022,Mitsuru Kodama,Chao-Yang Du,Description of Reviewer_1 for article: 6479039,Description of Reviewer_2 for article: 6479039,EventAssign_6479039,EventRev1_6479039,EventRev2_6479039
Karen J. Mullinger,The relationship between negative BOLD responses and ERS and ERD of alpha/beta oscillations in visual and motor cortex.,Knowledge Discovery,Group_B,2019-199,Women in Data Science,Lei Yu 0006,Robert Fitch,Description of Reviewer_1 for article: 8648531,Description of Reviewer_2 for article: 8648531,EventAssign_8648531,EventRev1_8648531,EventRev2_8648531
Yotam I. Gingold,Hyperspectral Inverse Skinning.,natural language processing,Group_A,2020-39,Women in Data Science,Lars Grüne,Sudipta Mahapatra,Description of Reviewer_1 for article: 7539532,Description of Reviewer_2 for article: 7539532,EventAssign_7539532,EventRev1_7539532,EventRev2_7539532
Greg Restall,How to be ,machine learning,Group_C,1993-52,Healthcare NLP Summit 2022,Anna Tonazzini,Xin Feng,Description of Reviewer_1 for article: 8225010,Description of Reviewer_2 for article: 8225010,EventAssign_8225010,EventRev1_8225010,EventRev2_8225010
V. A. Koshelev,On Erdos-Szekeres-type problems.,machine learning,Group_B,2009-34, Gartner Data & Analytics Summit,Lirong Liu,Nathan Linial,Description of Reviewer_1 for article: 7835066,Description of Reviewer_2 for article: 7835066,EventAssign_7835066,EventRev1_7835066,EventRev2_7835066
José M. Giménez-García,MapReduce-based Solutions for Scalable SPARQL Querying.,machine learning,Group_B,2014-1,Healthcare NLP Summit 2022,Xiangyu Y. Hu,Sridhar Seshadri,Description of Reviewer_1 for article: 6641001,Description of Reviewer_2 for article: 6641001,EventAssign_6641001,EventRev1_6641001,EventRev2_6641001
Santhosh Amilpur,Exploring variable-length features (motifs) for predicting binding sites through interpretable deep neural networks.,machine learning,Group_C,2021-106,Healthcare NLP Summit 2022,Munish Chauhan,Sharad Acharya,Description of Reviewer_1 for article: 6662063,Description of Reviewer_2 for article: 6662063,EventAssign_6662063,EventRev1_6662063,EventRev2_6662063
Alexander Dockhorn,Exception-Tolerant Hierarchical Knowledge Bases for Forward Model Learning.,natural language processing,Group_C,2021-13,Open Data Science Conference ,René Riedl,Mamta Rani,Description of Reviewer_1 for article: 7478917,Description of Reviewer_2 for article: 7478917,EventAssign_7478917,EventRev1_7478917,EventRev2_7478917
Andreas T. Ernst,Using Statistical Measures and Machine Learning for Graph Reduction to Solve Maximum Weight Clique Problems.,natural language processing,Group_C,2021-43,Healthcare NLP Summit 2022,Ping Yan,Hu Xiong,Description of Reviewer_1 for article: 7496704,Description of Reviewer_2 for article: 7496704,EventAssign_7496704,EventRev1_7496704,EventRev2_7496704
James Harold Davenport,Symbolic computation in software science.,natural language processing,Group_B,2019-90,Women in Data Science,Katsutoshi Yada,John F. Farrow,Description of Reviewer_1 for article: 8533539,Description of Reviewer_2 for article: 8533539,EventAssign_8533539,EventRev1_8533539,EventRev2_8533539
Colin Tattersall,CopperCore service integration.,machine learning,Group_A,2007-15, Gartner Data & Analytics Summit,Mohammad Nazir Ahmad,Thomas C. Shermer,Description of Reviewer_1 for article: 7730332,Description of Reviewer_2 for article: 7730332,EventAssign_7730332,EventRev1_7730332,EventRev2_7730332
Matthew K. H. Leung,Adaptive proportional delay differentiated services: characterization and performance evaluation.,databases,Group_A,2001-9,Healthcare NLP Summit 2022,Nebojsa Jojic,Anna Lisa Ferrara,Description of Reviewer_1 for article: 8174629,Description of Reviewer_2 for article: 8174629,EventAssign_8174629,EventRev1_8174629,EventRev2_8174629
Alexandra Siposová,On fuzzy solution of a linear optimization problem with max-aggregation function relation inequality constraints.,big data,Group_C,2018-269,Healthcare NLP Summit 2022,Marian Gheorghe 0001,Hao Ling,Description of Reviewer_1 for article: 7774521,Description of Reviewer_2 for article: 7774521,EventAssign_7774521,EventRev1_7774521,EventRev2_7774521
William Michael Landau,The jagstargets R package: a reproducible workflow framework for Bayesian data analysis with JAGS.,machine learning,Group_A,2021-6,Healthcare NLP Summit 2022,Henry Cohn,Xiwang Zhang,Description of Reviewer_1 for article: 7800157,Description of Reviewer_2 for article: 7800157,EventAssign_7800157,EventRev1_7800157,EventRev2_7800157
Emmanuel Reusens,Joint optimization of representation model and frame segmentation for generic video compression.,big data,Group_A,1995-46, Gartner Data & Analytics Summit,Jian-Sheng Fan,Jun Deguchi,Description of Reviewer_1 for article: 6710174,Description of Reviewer_2 for article: 6710174,EventAssign_6710174,EventRev1_6710174,EventRev2_6710174
Oleg A. Anenkhonov,The Influence of Region of Interest Heterogeneity on Classification Accuracy in Wetland Systems.,databases,Group_B,2019-11,Healthcare NLP Summit 2022,Don Towsley,Peter Haddawy,Description of Reviewer_1 for article: 6517983,Description of Reviewer_2 for article: 6517983,EventAssign_6517983,EventRev1_6517983,EventRev2_6517983
Roy F. Keller,On selective and repetitive constructs.,natural language processing,Group_A,1979-14,Women in Data Science,Lu Yu 0003,Huan Liu 0001,Description of Reviewer_1 for article: 6804007,Description of Reviewer_2 for article: 6804007,EventAssign_6804007,EventRev1_6804007,EventRev2_6804007
John F. Farrow,A Cognitive Process Model of Document Indexing.,big data,Group_C,1991-47, Gartner Data & Analytics Summit,S. Sreenadh,Lirong Liu,Description of Reviewer_1 for article: 6504290,Description of Reviewer_2 for article: 6504290,EventAssign_6504290,EventRev1_6504290,EventRev2_6504290
Francesco Caputo,Investigating the Users' Approach to ICT Platforms in the City Management.,big data,Group_B,2017-5,Open Data Science Conference ,Xin Feng,Thomas C. Shermer,Description of Reviewer_1 for article: 7642777,Description of Reviewer_2 for article: 7642777,EventAssign_7642777,EventRev1_7642777,EventRev2_7642777
József Solymosi,Crossing Patterns of Segments.,natural language processing,Group_B,2001-96,Women in Data Science,Michael A. Wolfe,José M. Giménez-García,Description of Reviewer_1 for article: 7581167,Description of Reviewer_2 for article: 7581167,EventAssign_7581167,EventRev1_7581167,EventRev2_7581167
Robert J. Rossheim,Report on proposed American standard flowchart symbols for information processing.,Knowledge Discovery,Group_A,1963-6,Healthcare NLP Summit 2022,James Harold Davenport,Robert Fitch,Description of Reviewer_1 for article: 7809584,Description of Reviewer_2 for article: 7809584,EventAssign_7809584,EventRev1_7809584,EventRev2_7809584
Yaonan Wang,Robust decentralized adaptive control for a class of uncertain neural networks with time-varying delays.,Knowledge Discovery,Group_B,2010-215,Healthcare NLP Summit 2022,Abdeldjalil Slama,Germano Resconi,Description of Reviewer_1 for article: 7361389,Description of Reviewer_2 for article: 7361389,EventAssign_7361389,EventRev1_7361389,EventRev2_7361389
Sara Mahdavi-Hezavehi,Uncertainty in Self-adaptive Systems: A Research Community Perspective.,natural language processing,Group_C,2020-15,Open Data Science Conference ,Alexandra A. Vetrova,Juan Miguel Medina 0002,Description of Reviewer_1 for article: 6230240,Description of Reviewer_2 for article: 6230240,EventAssign_6230240,EventRev1_6230240,EventRev2_6230240
Cindy L. Bethel,Non-facial and non-verbal affective expression for appearance-constrained robots used in victim management.,Knowledge Discovery,Group_A,2010-1,Open Data Science Conference ,Bryan Houliston,Saehwan Lee,Description of Reviewer_1 for article: 7836435,Description of Reviewer_2 for article: 7836435,EventAssign_7836435,EventRev1_7836435,EventRev2_7836435
Liusheng Huang,Cryptanalysis of a certificateless signature scheme without pairings.,natural language processing,Group_C,2013-26,Healthcare NLP Summit 2022,Seonah Lee,Munchurl Kim,Description of Reviewer_1 for article: 6365064,Description of Reviewer_2 for article: 6365064,EventAssign_6365064,EventRev1_6365064,EventRev2_6365064
Jiangtao Yuan,An Ideal Compartmented Secret Sharing Scheme Based on Linear Homogeneous Recurrence Relations.,big data,Group_C,2020-2020,Open Data Science Conference ,Yiyu Yao,Hugues Déprés,Description of Reviewer_1 for article: 8288402,Description of Reviewer_2 for article: 8288402,EventAssign_8288402,EventRev1_8288402,EventRev2_8288402
Gary Gordon,Trees with the same degree sequence and path numbers.,databases,Group_A,1995-147,Healthcare NLP Summit 2022,Bo Wu 0006,Katsutoshi Yada,Description of Reviewer_1 for article: 8481239,Description of Reviewer_2 for article: 8481239,EventAssign_8481239,EventRev1_8481239,EventRev2_8481239
Anna L. Cox,Short links and tiny keyboards: A systematic exploration of design trade-offs in link shortening services.,Knowledge Discovery,Group_B,2016-96,Women in Data Science,Thiago Alves de Queiroz,Hoang Viet Long,Description of Reviewer_1 for article: 7483276,Description of Reviewer_2 for article: 7483276,EventAssign_7483276,EventRev1_7483276,EventRev2_7483276
Zaifang Zhang,Risk prioritization in failure mode and effects analysis under uncertainty.,natural language processing,Group_C,2011-38, Gartner Data & Analytics Summit,Dongfang Yang,Enrique Personal,Description of Reviewer_1 for article: 6330723,Description of Reviewer_2 for article: 6330723,EventAssign_6330723,EventRev1_6330723,EventRev2_6330723
Aart A. J. Matsinger,How To Make Intuitive Testing More Systematic.,machine learning,Group_C,1995-12, Gartner Data & Analytics Summit,Signy Sheldon,Kwabena A. Narh,Description of Reviewer_1 for article: 6426475,Description of Reviewer_2 for article: 6426475,EventAssign_6426475,EventRev1_6426475,EventRev2_6426475
