Author,Article,Topic,Volume,Journal_name,Editor,Reviewer1,Reviewer2,Opinion_Reviewer1,Opinion_Reviewer2,EventAssign,EventRev1,EventRev2
Theodore Patkos,Revising event calculus theories to recover from unexpected observations.,Knowledge Discovery,2021-89,Ann. Math. Artif. Intell.,Group_2,Kai-Yeung Siu,Lucas Prilenski,Description of Reviewer_1 for article: 6551940,Description of Reviewer_2 for article: 6551940,EventAssign_6551940,EventRev1_6551940,EventRev2_6551940
Francisco Chiclana,A comparative study on consensus measures in group decision making.,natural language processing,2018-33,Int. J. Intell. Syst.,Group_2,Frank Ellinger,Ping-Ping Dai,Description of Reviewer_1 for article: 6668128,Description of Reviewer_2 for article: 6668128,EventAssign_6668128,EventRev1_6668128,EventRev2_6668128
Andreas Müller 0002,Computational algebraic geometry and global analysis of regional manipulators.,Knowledge Discovery,2014-232,Appl. Math. Comput.,Group_2,Zahid Ullah 0001,Armin B. Cremers,Description of Reviewer_1 for article: 7351539,Description of Reviewer_2 for article: 7351539,EventAssign_7351539,EventRev1_7351539,EventRev2_7351539
Giray Ökten,"""Correction of a proof in """"A probabilistic result on the discrepancy of a hybrid-Monte Carlo sequence and applications"""".""",databases,2009-15,Monte Carlo Methods Appl.,Group_2,Joseph Cheriyan,Rosalind Pan,Description of Reviewer_1 for article: 6702890,Description of Reviewer_2 for article: 6702890,EventAssign_6702890,EventRev1_6702890,EventRev2_6702890
Siva Nadarajah,An Asynchronous Incomplete Block LU Preconditioner for Computational Fluid Dynamics on Unstructured Grids.,natural language processing,2021-43,SIAM J. Sci. Comput.,Group_1,Christian Sallaberry,Dongfang Yang,Description of Reviewer_1 for article: 8516175,Description of Reviewer_2 for article: 8516175,EventAssign_8516175,EventRev1_8516175,EventRev2_8516175
Quan Leng,A Double Disturbance Observer Design for Compensation of Unknown Time Delay in a Wireless Motion Control System.,big data,2018-26,IEEE Trans. Control. Syst. Technol.,Group_3,Emmanuel Reusens,Paolo Gamba,Description of Reviewer_1 for article: 7261094,Description of Reviewer_2 for article: 7261094,EventAssign_7261094,EventRev1_7261094,EventRev2_7261094
Ellen E. Eischen,Decomposition of almost complete tripartite graphs into two isomorphic factors of fixed diameter.,databases,2006-306,Discret. Math.,Group_1,Mohammad Reza Meybodi,Mohammad Ranjbar,Description of Reviewer_1 for article: 8479426,Description of Reviewer_2 for article: 8479426,EventAssign_8479426,EventRev1_8479426,EventRev2_8479426
Hans P. Künzi,Abgekürzte Verfahren beim quadratischen Programmieren.,machine learning,1961-5,Math. Methods Oper. Res.,Group_3,Arif Khan 0001,Evans C. Coutinho,Description of Reviewer_1 for article: 8669612,Description of Reviewer_2 for article: 8669612,EventAssign_8669612,EventRev1_8669612,EventRev2_8669612
Xiaoli Li 0011,Multimodel Anomaly Identification and Control in Wet Limestone-Gypsum Flue Gas Desulphurization System.,big data,2020-2020,Complex.,Group_1,Sara Mahdavi-Hezavehi,Thomas Brandmeier,Description of Reviewer_1 for article: 6383070,Description of Reviewer_2 for article: 6383070,EventAssign_6383070,EventRev1_6383070,EventRev2_6383070
René Riedl,On the biology of technostress: literature review and research agenda.,natural language processing,2013-44,Data Base,Group_2,José M. Giménez-García,Arif Khan 0001,Description of Reviewer_1 for article: 6190060,Description of Reviewer_2 for article: 6190060,EventAssign_6190060,EventRev1_6190060,EventRev2_6190060
Ronald R. Yager,Fuzzy subsets with uncertain membership grades.,big data,1984-14,IEEE Trans. Syst. Man Cybern.,Group_3,Tsui-Tsai Lin,Ingo Scholtes,Description of Reviewer_1 for article: 7791988,Description of Reviewer_2 for article: 7791988,EventAssign_7791988,EventRev1_7791988,EventRev2_7791988
Frank Ellinger,An ultra-wideband 6-14 GHz frequency modulated continuous wave primary radar with 3 cm range resolution.,big data,2020-75,Integr.,Group_3,Tuncay Candan,Karsten Henckell,Description of Reviewer_1 for article: 6455584,Description of Reviewer_2 for article: 6455584,EventAssign_6455584,EventRev1_6455584,EventRev2_6455584
Frank Ellinger,Herostratos.,Knowledge Discovery,2014-38,Datenschutz und Datensicherheit,Group_1,Jop F. Sibeyn,Qiang Ji,Description of Reviewer_1 for article: 8880965,Description of Reviewer_2 for article: 8880965,EventAssign_8880965,EventRev1_8880965,EventRev2_8880965
Tuan Wu,Energy-Efficient Secure Video Streaming in UAV-Enabled Wireless Networks: A Safe-DQN Approach.,databases,2021-5,IEEE Trans. Green Commun. Netw.,Group_3,Jianfeng Huang,Haizhou Li 0001,Description of Reviewer_1 for article: 8867226,Description of Reviewer_2 for article: 8867226,EventAssign_8867226,EventRev1_8867226,EventRev2_8867226
Ricardo García-Ródenas,A demand-based weighted train delay approach for rescheduling railway networks in real time.,big data,2013-3,J. Rail Transp. Plan. Manag.,Group_3,Efuwa A. Quansah,Hirofumi Tomita,Description of Reviewer_1 for article: 6632854,Description of Reviewer_2 for article: 6632854,EventAssign_6632854,EventRev1_6632854,EventRev2_6632854
Xiangyu Y. Hu,Simple gradient-based error-diffusion method.,machine learning,2016-25,J. Electronic Imaging,Group_2,Hirofumi Tomita,Zaifang Zhang,Description of Reviewer_1 for article: 8324366,Description of Reviewer_2 for article: 8324366,EventAssign_8324366,EventRev1_8324366,EventRev2_8324366
Tian Zhao,Reply to the Comments on: Tian Zhao et al. The Principle of Least Action for Reversible Thermodynamic Processes and Cycles. ,big data,2018-20,Entropy,Group_1,Lan Ye,Liusheng Huang,Description of Reviewer_1 for article: 6677775,Description of Reviewer_2 for article: 6677775,EventAssign_6677775,EventRev1_6677775,EventRev2_6677775
Aurélien Baillon,Testing constant absolute and relative ambiguity aversion.,Knowledge Discovery,2019-181,J. Econ. Theory,Group_2,Graziella Caprarelli,Maria Paola Scaparra,Description of Reviewer_1 for article: 6356004,Description of Reviewer_2 for article: 6356004,EventAssign_6356004,EventRev1_6356004,EventRev2_6356004
Zhan Shu,A Hybrid Design Approach for Output Feedback Exponential Stabilization of Markovian Jump Systems.,natural language processing,2018-63,IEEE Trans. Autom. Control.,Group_3,Leonid Berezansky,Michael C. Wicks,Description of Reviewer_1 for article: 8492837,Description of Reviewer_2 for article: 8492837,EventAssign_8492837,EventRev1_8492837,EventRev2_8492837
Bilal Ahmad,A Method to Assess Assembly Complexity of Industrial Products in Early Design Phase.,big data,2018-6,IEEE Access,Group_2,Jong-Moon Chung,Armin B. Cremers,Description of Reviewer_1 for article: 8417079,Description of Reviewer_2 for article: 8417079,EventAssign_8417079,EventRev1_8417079,EventRev2_8417079
Luay Tahat 0001,State-based models in regression test suite prioritization.,natural language processing,2017-25,Softw. Qual. J.,Group_1,Satish Chand,Yipin Sun,Description of Reviewer_1 for article: 7749062,Description of Reviewer_2 for article: 7749062,EventAssign_7749062,EventRev1_7749062,EventRev2_7749062
Giuseppe Marmo,New computable entanglement monotones from formal group theory.,natural language processing,2021-20,Quantum Inf. Process.,Group_1,Fan Zhang 0008,Tuncay Candan,Description of Reviewer_1 for article: 8347073,Description of Reviewer_2 for article: 8347073,EventAssign_8347073,EventRev1_8347073,EventRev2_8347073
Sridhar Seshadri,Parametric concavity in stochastic dynamic programs.,databases,2011-61,Comput. Ind. Eng.,Group_1,Martin Kampel,Tadeusz Lasota,Description of Reviewer_1 for article: 8556487,Description of Reviewer_2 for article: 8556487,EventAssign_8556487,EventRev1_8556487,EventRev2_8556487
Henry Cohn,Ideal forms of Coppersmith's theorem and Guruswami-Sudan list decoding.,Knowledge Discovery,2015-9,Adv. Math. Commun.,Group_3,Liusheng Huang,Mamta Rani,Description of Reviewer_1 for article: 6422049,Description of Reviewer_2 for article: 6422049,EventAssign_6422049,EventRev1_6422049,EventRev2_6422049
Toshio Tokita,Linear Cryptanalysis of Block Cipher Xenon.,machine learning,2003-86-A,IEICE Trans. Fundam. Electron. Commun. Comput. Sci.,Group_1,Anna L. Cox,Eric W. T. Ngai,Description of Reviewer_1 for article: 6238867,Description of Reviewer_2 for article: 6238867,EventAssign_6238867,EventRev1_6238867,EventRev2_6238867
Guangyan Zhang,Accelerate RDP RAID-6 Scaling by Reducing Disk I/Os and XOR Operations.,databases,2015-64,IEEE Trans. Computers,Group_2,Mehmet Ekmekci,Breno Augusto De Melo Menezes,Description of Reviewer_1 for article: 8953644,Description of Reviewer_2 for article: 8953644,EventAssign_8953644,EventRev1_8953644,EventRev2_8953644
Alejandra Sanchez,Camera Space Particle Filter for the Robust and Precise Indoor Localization of a Wheelchair.,Knowledge Discovery,2016-2016,J. Sensors,Group_3,Hsu-Hao Tsai,Riste Skrekovski,Description of Reviewer_1 for article: 6529574,Description of Reviewer_2 for article: 6529574,EventAssign_6529574,EventRev1_6529574,EventRev2_6529574
Shlomo Shamai,On the capacity of a twisted-wire pair: Gaussian model.,machine learning,1990-38,IEEE Trans. Commun.,Group_3,Germano Resconi,Michael N. Vrahatis,Description of Reviewer_1 for article: 8511142,Description of Reviewer_2 for article: 8511142,EventAssign_8511142,EventRev1_8511142,EventRev2_8511142
Karim Nouioua,Large neighborhood improvements for solving car sequencing problems.,machine learning,2006-40,RAIRO Oper. Res.,Group_2,Saif Al-Kuwari,Ehsan Abed,Description of Reviewer_1 for article: 6759706,Description of Reviewer_2 for article: 6759706,EventAssign_6759706,EventRev1_6759706,EventRev2_6759706
Jia Rong,An effective privacy preserving algorithm for neighborhood-based collaborative filtering.,machine learning,2014-36,Future Gener. Comput. Syst.,Group_3,Takashi Ikeda,Lan Ye,Description of Reviewer_1 for article: 7671358,Description of Reviewer_2 for article: 7671358,EventAssign_7671358,EventRev1_7671358,EventRev2_7671358
Scott Henninger,Building an Organization-Specific Infrastructure to Support CASE Tools.,machine learning,1996-3,Autom. Softw. Eng.,Group_2,Pablo E. Martínez López,Shuang Zhou 0014,Description of Reviewer_1 for article: 6611536,Description of Reviewer_2 for article: 6611536,EventAssign_6611536,EventRev1_6611536,EventRev2_6611536
Aicha Sekhari,Jointly identifying opinion mining elements and fuzzy measurement of opinion intensity to analyze product features.,databases,2016-47,Eng. Appl. Artif. Intell.,Group_2,P. Jones,Wenjun Chris Zhang,Description of Reviewer_1 for article: 6661665,Description of Reviewer_2 for article: 6661665,EventAssign_6661665,EventRev1_6661665,EventRev2_6661665
Danny Kopec,Additional References.,natural language processing,1994-17,J. Int. Comput. Games Assoc.,Group_3,Liusheng Huang,Xiao-mei Li,Description of Reviewer_1 for article: 7658387,Description of Reviewer_2 for article: 7658387,EventAssign_7658387,EventRev1_7658387,EventRev2_7658387
Kristen L. Murphy,A Computational Study of the Effectiveness of the Frontier Molecular Orbital Formalism in Predicting Conformational Isomerism in (p-RC6H4NC)2W(dppe)2.,machine learning,2001-41,J. Chem. Inf. Comput. Sci.,Group_1,Michel Mandjes,Paul L. Rosin,Description of Reviewer_1 for article: 7270150,Description of Reviewer_2 for article: 7270150,EventAssign_7270150,EventRev1_7270150,EventRev2_7270150
Ji Hwan Cha,Optimal Workload for a Multi-Tasking ,databases,2006-89-A,IEICE Trans. Fundam. Electron. Commun. Comput. Sci.,Group_1,Robert Hartung,Lirong Liu,Description of Reviewer_1 for article: 6571522,Description of Reviewer_2 for article: 6571522,EventAssign_6571522,EventRev1_6571522,EventRev2_6571522
Hanoch Lev-Ari,On the Analysis of Synchronous Computing Systems.,databases,1990-19,SIAM J. Comput.,Group_3,Mehmet C. Vuran,Pedro M. Q. Aguiar,Description of Reviewer_1 for article: 7662242,Description of Reviewer_2 for article: 7662242,EventAssign_7662242,EventRev1_7662242,EventRev2_7662242
Tadeusz Lasota,On employing fuzzy modeling algorithms for the valuation of residential premises.,big data,2011-181,Inf. Sci.,Group_1,Shuang Zhou 0014,Saumya Bajpai,Description of Reviewer_1 for article: 6748859,Description of Reviewer_2 for article: 6748859,EventAssign_6748859,EventRev1_6748859,EventRev2_6748859
J. Martín-Vaquero,Exponential fitting BDF-Runge-Kutta algorithms.,natural language processing,2008-178,Comput. Phys. Commun.,Group_1,A. Jávor,I-Wen Mike Chu,Description of Reviewer_1 for article: 8809697,Description of Reviewer_2 for article: 8809697,EventAssign_8809697,EventRev1_8809697,EventRev2_8809697
Maria Paola Scaparra,Assessing road network vulnerability: A user equilibrium interdiction model.,big data,2021-72,J. Oper. Res. Soc.,Group_2,Tao Jin,Mitsuru Kodama,Description of Reviewer_1 for article: 6376497,Description of Reviewer_2 for article: 6376497,EventAssign_6376497,EventRev1_6376497,EventRev2_6376497
Saehwan Lee,CODA-ML: context-specific biological knowledge representation for systemic physiology analysis.,machine learning,2019-20-S,BMC Bioinform.,Group_1,Jiwei Qin,R. S. Ahluwalia,Description of Reviewer_1 for article: 7986637,Description of Reviewer_2 for article: 7986637,EventAssign_7986637,EventRev1_7986637,EventRev2_7986637
Alidad Ahmadi,Drivers' Performance Examination using a Personalized Adaptive Curve Speed Warning: Driving Simulator Study.,natural language processing,2019-35,Int. J. Hum. Comput. Interact.,Group_3,László G. Nyúl,Jianyong Chen,Description of Reviewer_1 for article: 8005194,Description of Reviewer_2 for article: 8005194,EventAssign_8005194,EventRev1_8005194,EventRev2_8005194
Mohammad Ranjbar,Minimizing the total tardiness and the total carbon emissions in the permutation flow shop scheduling problem.,databases,2022-138,Comput. Oper. Res.,Group_1,Mehmet C. Vuran,I-Wen Mike Chu,Description of Reviewer_1 for article: 6736667,Description of Reviewer_2 for article: 6736667,EventAssign_6736667,EventRev1_6736667,EventRev2_6736667
Zahid Ullah 0001,E-TCAM: An Efficient SRAM-Based Architecture for TCAM.,big data,2014-33,Circuits Syst. Signal Process.,Group_3,Munish Chauhan,Tzren-Ru Chou,Description of Reviewer_1 for article: 8535756,Description of Reviewer_2 for article: 8535756,EventAssign_8535756,EventRev1_8535756,EventRev2_8535756
Salvatore Sessa 0002,A New Validity Index Based on Fuzzy Energy and Fuzzy Entropy Measures in Fuzzy Clustering Problems.,natural language processing,2020-22,Entropy,Group_1,Riste Skrekovski,Eric W. T. Ngai,Description of Reviewer_1 for article: 6674835,Description of Reviewer_2 for article: 6674835,EventAssign_6674835,EventRev1_6674835,EventRev2_6674835
Rajesh Kumar Pateriya,Balance Resource Utilization (BRU) Approach for the Dynamic Load Balancing in Cloud Environment by Using AR Prediction Model.,machine learning,2017-29,J. Organ. End User Comput.,Group_1,William Michael Landau,Jian-Sheng Fan,Description of Reviewer_1 for article: 6391941,Description of Reviewer_2 for article: 6391941,EventAssign_6391941,EventRev1_6391941,EventRev2_6391941
Ernie Brickell,Enhanced privacy ID from bilinear pairing for hardware authentication and attestation.,databases,2011-1,Int. J. Inf. Priv. Secur. Integr.,Group_1,Jun Deguchi,Pablo E. Martínez López,Description of Reviewer_1 for article: 6693889,Description of Reviewer_2 for article: 6693889,EventAssign_6693889,EventRev1_6693889,EventRev2_6693889
I-Wen Mike Chu,Relaxing instance boundaries for the search of splitting points of numerical attributes in classification trees.,natural language processing,2007-177,Inf. Sci.,Group_1,Tian Zhao,Marian Gheorghe 0001,Description of Reviewer_1 for article: 6757194,Description of Reviewer_2 for article: 6757194,EventAssign_6757194,EventRev1_6757194,EventRev2_6757194
Kai-Yeung Siu,On the reconfigurability of single-hub WDM ring networks.,natural language processing,2003-11,IEEE/ACM Trans. Netw.,Group_2,Verena Käfer,Tsui-Tsai Lin,Description of Reviewer_1 for article: 8172124,Description of Reviewer_2 for article: 8172124,EventAssign_8172124,EventRev1_8172124,EventRev2_8172124
Ismat Beg,Modelling Uncertainties in Multi-Criteria Decision Making using Distance Measure and TOPSIS for Hesitant Fuzzy Sets.,natural language processing,2017-7,J. Artif. Intell. Soft Comput. Res.,Group_3,Israel Rivera-Rangel,Zhiping Wang,Description of Reviewer_1 for article: 8823231,Description of Reviewer_2 for article: 8823231,EventAssign_8823231,EventRev1_8823231,EventRev2_8823231
Breno Augusto De Melo Menezes,High-Level Parallel Ant Colony Optimization with Algorithmic Skeletons.,natural language processing,2021-49,Int. J. Parallel Program.,Group_1,Jianfeng Huang,Luca Foschini 0001,Description of Reviewer_1 for article: 6287911,Description of Reviewer_2 for article: 6287911,EventAssign_6287911,EventRev1_6287911,EventRev2_6287911
Roderich Gross,Self-Assembly at the Macroscopic Scale.,databases,2008-96,Proc. IEEE,Group_3,Pedro M. Q. Aguiar,Germano Resconi,Description of Reviewer_1 for article: 7454554,Description of Reviewer_2 for article: 7454554,EventAssign_7454554,EventRev1_7454554,EventRev2_7454554
Guang R. Gao,Exploiting Locality in Single Assignment Data Structures Updated Through Split-Phase Transactions.,machine learning,2001-4,Clust. Comput.,Group_1,Makoto Kobayashi,Martin Reczko,Description of Reviewer_1 for article: 8070499,Description of Reviewer_2 for article: 8070499,EventAssign_8070499,EventRev1_8070499,EventRev2_8070499
Janghoon Kim,Approximating a Loading-Dependent Cascading Failure Model With a Branching Process.,big data,2010-59,IEEE Trans. Reliab.,Group_3,Andrew S. Tanenbaum,Luis Gonzaga Sales Vasconcelos,Description of Reviewer_1 for article: 8930746,Description of Reviewer_2 for article: 8930746,EventAssign_8930746,EventRev1_8930746,EventRev2_8930746
Pedro M. Q. Aguiar,Figure-ground segmentation from occlusion.,natural language processing,2005-14,IEEE Trans. Image Process.,Group_3,Andrew J. Bernoff,G. Kavitha,Description of Reviewer_1 for article: 7249052,Description of Reviewer_2 for article: 7249052,EventAssign_7249052,EventRev1_7249052,EventRev2_7249052
Frank K. Soong,Single-frame vowel recognition using vector quantization with several distance measures.,big data,1985-64,AT&T Tech. J.,Group_2,Ingo Scholtes,Butje Eddy Patuwo,Description of Reviewer_1 for article: 7535659,Description of Reviewer_2 for article: 7535659,EventAssign_7535659,EventRev1_7535659,EventRev2_7535659
Yue Yuan,Ranking Function Detection via SVM: A More General Method.,natural language processing,2019-7,IEEE Access,Group_3,Hans-Joachim Wunderlich,Richard E. Smith,Description of Reviewer_1 for article: 8443270,Description of Reviewer_2 for article: 8443270,EventAssign_8443270,EventRev1_8443270,EventRev2_8443270
Mariusz Giero,The Properties of Sets of Temporal Logic Subformulas.,natural language processing,2012-20,Formaliz. Math.,Group_2,Ernie Brickell,Kentarou Fukuda,Description of Reviewer_1 for article: 6594150,Description of Reviewer_2 for article: 6594150,EventAssign_6594150,EventRev1_6594150,EventRev2_6594150
Igor S. Pandzic,Trends in networked collaborative virtual environments.,machine learning,2003-26,Comput. Commun.,Group_3,Oludotun Olubanjo,Sridhar Seshadri,Description of Reviewer_1 for article: 8544353,Description of Reviewer_2 for article: 8544353,EventAssign_8544353,EventRev1_8544353,EventRev2_8544353
Jop F. Sibeyn,Randomized Multipacket Routing and Sorting on Meshes.,natural language processing,1997-17,Algorithmica,Group_1,Takao Ueda,Aatira G. Nedungadi,Description of Reviewer_1 for article: 7858403,Description of Reviewer_2 for article: 7858403,EventAssign_7858403,EventRev1_7858403,EventRev2_7858403
G. Kavitha,A Hybrid Multiple Parallel Queuing Model to Enhance QoS in Cloud Computing.,databases,2020-12,Int. J. Grid High Perform. Comput.,Group_3,Mamta Rani,Shiwen Mao,Description of Reviewer_1 for article: 8934340,Description of Reviewer_2 for article: 8934340,EventAssign_8934340,EventRev1_8934340,EventRev2_8934340
Thomas Brandmeier,Pedestrian recognition using micro Doppler effects of radar signals based on machine learning and multi-objective optimization.,Knowledge Discovery,2019-136,Expert Syst. Appl.,Group_2,Ernie Brickell,Yingpu Deng,Description of Reviewer_1 for article: 6326119,Description of Reviewer_2 for article: 6326119,EventAssign_6326119,EventRev1_6326119,EventRev2_6326119
Fred T. Krogh,Algorithm 936: A Fortran message processor.,databases,2014-40,ACM Trans. Math. Softw.,Group_1,Seok-Pil Lee,H. Dakhlaoui,Description of Reviewer_1 for article: 8395828,Description of Reviewer_2 for article: 8395828,EventAssign_8395828,EventRev1_8395828,EventRev2_8395828
Dirk Roose,Load Balancing Data Parallel Programs on Distributed Memory Computers.,machine learning,1993-19,Parallel Comput.,Group_2,Daisy Monika Lal,Xin Feng,Description of Reviewer_1 for article: 7926151,Description of Reviewer_2 for article: 7926151,EventAssign_7926151,EventRev1_7926151,EventRev2_7926151
Fan Zhang 0008,IPAD: the Integrated Pathway Analysis Database for Systematic Enrichment Analysis.,big data,2012-13,BMC Bioinform.,Group_2,Sangheon Pack,Alexander Dockhorn,Description of Reviewer_1 for article: 7993506,Description of Reviewer_2 for article: 7993506,EventAssign_7993506,EventRev1_7993506,EventRev2_7993506
Israel Rivera-Rangel,Building reduced petri net models of discrete manufacturing systems.,natural language processing,2005-41,Math. Comput. Model.,Group_1,Ping Yan,Evans C. Coutinho,Description of Reviewer_1 for article: 7501618,Description of Reviewer_2 for article: 7501618,EventAssign_7501618,EventRev1_7501618,EventRev2_7501618
Michael Drmota,An Analytic Approach to the Height of Binary Search Trees.,databases,2001-29,Algorithmica,Group_1,Hugues Déprés,Lu Yang 0005,Description of Reviewer_1 for article: 7857945,Description of Reviewer_2 for article: 7857945,EventAssign_7857945,EventRev1_7857945,EventRev2_7857945
Yunting Zhang,Vernier: Accurate and Fast Acoustic Motion Tracking Using Mobile Devices.,machine learning,2021-20,IEEE Trans. Mob. Comput.,Group_2,Anthony Przybylski,Ismat Beg,Description of Reviewer_1 for article: 8525621,Description of Reviewer_2 for article: 8525621,EventAssign_8525621,EventRev1_8525621,EventRev2_8525621
Arindam Sarkar,DAM: Deadblock Aware Migration Techniques for STT-RAM-Based Hybrid Caches.,big data,2021-20,IEEE Comput. Archit. Lett.,Group_2,Jeffrey Hernandez,P. Friderichsen,Description of Reviewer_1 for article: 8748509,Description of Reviewer_2 for article: 8748509,EventAssign_8748509,EventRev1_8748509,EventRev2_8748509
Daniel Diermeier,A bargaining model of endogenous procedures.,databases,2016-47,Soc. Choice Welf.,Group_3,Byung-Won On,Lukas Lanza,Description of Reviewer_1 for article: 8390952,Description of Reviewer_2 for article: 8390952,EventAssign_8390952,EventRev1_8390952,EventRev2_8390952
Y.-D. Kim,Scheduling healthcare services in a home healthcare system.,machine learning,2012-63,J. Oper. Res. Soc.,Group_1,D. Prasanna,Colin Tattersall,Description of Reviewer_1 for article: 6376174,Description of Reviewer_2 for article: 6376174,EventAssign_6376174,EventRev1_6376174,EventRev2_6376174
Jong-Moon Chung,A Negentropy Minimization Approach to Adaptive Beamforming Assisted Receivers.,big data,2007-90-B,IEICE Trans. Commun.,Group_3,Mohammad Reza Meybodi,Eduardo Ros Vidal,Description of Reviewer_1 for article: 6557933,Description of Reviewer_2 for article: 6557933,EventAssign_6557933,EventRev1_6557933,EventRev2_6557933
Rafael I. Nepomechie,Bethe ansatz on a quantum computer?,Knowledge Discovery,2021-21,Quantum Inf. Comput.,Group_3,Rajesh Kumar Pateriya,Lijie Zhang,Description of Reviewer_1 for article: 8796267,Description of Reviewer_2 for article: 8796267,EventAssign_8796267,EventRev1_8796267,EventRev2_8796267
Takao Ueda,Circular nonsingular threshold transformations.,machine learning,1992-105,Discret. Math.,Group_3,Hanoch Lev-Ari,Zhaoping Tang,Description of Reviewer_1 for article: 8473666,Description of Reviewer_2 for article: 8473666,EventAssign_8473666,EventRev1_8473666,EventRev2_8473666
Jun Ye,Similarity measures based on the generalized distance of neutrosophic Z-number sets and their multi-attribute decision making method.,natural language processing,2021-25,Soft Comput.,Group_2,Lirong Liu,Aruna Jain,Description of Reviewer_1 for article: 8024703,Description of Reviewer_2 for article: 8024703,EventAssign_8024703,EventRev1_8024703,EventRev2_8024703
Timothy Kam,Reducing Structural Bias in Technology Mapping.,Knowledge Discovery,2006-25,IEEE Trans. Comput. Aided Des. Integr. Circuits Syst.,Group_3,Andrei Popescu 0001,Jean-Luc Vay,Description of Reviewer_1 for article: 8217481,Description of Reviewer_2 for article: 8217481,EventAssign_8217481,EventRev1_8217481,EventRev2_8217481
Anthony Przybylski,An inner approximation method to compute the weight set decomposition of a triobjective mixed-integer problem.,natural language processing,2020-77,J. Glob. Optim.,Group_3,Yao Li 0006,Erich Strohmaier,Description of Reviewer_1 for article: 7726184,Description of Reviewer_2 for article: 7726184,EventAssign_7726184,EventRev1_7726184,EventRev2_7726184
Jie Shen 0001,Efficient spectral-Galerkin methods for fractional partial differential equations with variable coefficients.,Knowledge Discovery,2016-307,J. Comput. Phys.,Group_2,Ellen E. Eischen,Satish Chand,Description of Reviewer_1 for article: 7971952,Description of Reviewer_2 for article: 7971952,EventAssign_7971952,EventRev1_7971952,EventRev2_7971952
Shi-Ming Huang,Architecture of a Universal Database: A Frame Model Approach.,machine learning,1999-8,Int. J. Cooperative Inf. Syst.,Group_3,Bing Xue 0001,Enrique Personal,Description of Reviewer_1 for article: 6236766,Description of Reviewer_2 for article: 6236766,EventAssign_6236766,EventRev1_6236766,EventRev2_6236766
A. Jávor,Conflict handling in high level Petri Nets.,Knowledge Discovery,1993-39,Microprocess. Microprogramming,Group_1,Zhenhua Guo 0001,Beatriz Marcotegui,Description of Reviewer_1 for article: 7572001,Description of Reviewer_2 for article: 7572001,EventAssign_7572001,EventRev1_7572001,EventRev2_7572001
Jinglai Shen,Robust Non-Zenoness of Piecewise Affine Systems with Applications to Linear Complementarity Systems.,Knowledge Discovery,2014-24,SIAM J. Optim.,Group_1,Oludotun Olubanjo,Yiming Zhao,Description of Reviewer_1 for article: 7593264,Description of Reviewer_2 for article: 7593264,EventAssign_7593264,EventRev1_7593264,EventRev2_7593264
Derek A. Holton,On the automorphism group of a tree.,machine learning,1977-22,J. Comb. Theory,Group_1,Andreas L. Opdahl,Scott Henninger,Description of Reviewer_1 for article: 7576375,Description of Reviewer_2 for article: 7576375,EventAssign_7576375,EventRev1_7576375,EventRev2_7576375
Dénes Szücs,Motor conflict in Stroop tasks: Direct evidence from single-trial electro-myography and electro-encephalography.,machine learning,2009-47,NeuroImage,Group_2,Ismat Beg,Lan Ye,Description of Reviewer_1 for article: 8663830,Description of Reviewer_2 for article: 8663830,EventAssign_8663830,EventRev1_8663830,EventRev2_8663830
Dov M. Gabbay,Modelling evolvable component systems: Part I: A logical framework.,machine learning,2009-17,Log. J. IGPL,Group_3,Yasuhiko Tamura,Daisy Monika Lal,Description of Reviewer_1 for article: 8601506,Description of Reviewer_2 for article: 8601506,EventAssign_8601506,EventRev1_8601506,EventRev2_8601506
Signy Sheldon,Retrieval orientation alters neural activity during autobiographical memory recollection.,databases,2019-199,NeuroImage,Group_1,Jerzy Konorski,Yao Li 0006,Description of Reviewer_1 for article: 8660461,Description of Reviewer_2 for article: 8660461,EventAssign_8660461,EventRev1_8660461,EventRev2_8660461
Georg F. Weiller,DIPLOMO: the tool for a new type of evolutionary analysis.,Knowledge Discovery,1995-11,Comput. Appl. Biosci.,Group_3,Lars Grüne,Abdeldjalil Slama,Description of Reviewer_1 for article: 8185542,Description of Reviewer_2 for article: 8185542,EventAssign_8185542,EventRev1_8185542,EventRev2_8185542
Jean-Michel Morel,Numerical analysis of differential operators on raw point clouds.,big data,2014-127,Numerische Mathematik,Group_2,Randolph T. Yeh,Nebojsa Jojic,Description of Reviewer_1 for article: 6576725,Description of Reviewer_2 for article: 6576725,EventAssign_6576725,EventRev1_6576725,EventRev2_6576725
Saif Al-Kuwari,Revocable attribute-based proxy re-encryption.,natural language processing,2021-15,J. Math. Cryptol.,Group_3,Takao Ueda,Jiubin Tan,Description of Reviewer_1 for article: 7752332,Description of Reviewer_2 for article: 7752332,EventAssign_7752332,EventRev1_7752332,EventRev2_7752332
L. J. López-Reyes,Parametric resonance in nonlinear vibrations of string under harmonic heating.,big data,2018-55,Commun. Nonlinear Sci. Numer. Simul.,Group_1,Katsutoshi Yada,Oleg A. Anenkhonov,Description of Reviewer_1 for article: 8678622,Description of Reviewer_2 for article: 8678622,EventAssign_8678622,EventRev1_8678622,EventRev2_8678622
Lirong Liu,Deep-Learning and Depth-Map Based Approach for Detection and 3-D Localization of Small Traffic Signs.,Knowledge Discovery,2020-13,IEEE J. Sel. Top. Appl. Earth Obs. Remote. Sens.,Group_3,Toshio Tokita,Sophie D'Amours,Description of Reviewer_1 for article: 8318163,Description of Reviewer_2 for article: 8318163,EventAssign_8318163,EventRev1_8318163,EventRev2_8318163
Akira Hirose,Online Regularization of Complex-Valued Neural Networks for Structure Optimization in Wireless-Communication Channel Prediction.,big data,2020-8,IEEE Access,Group_3,Pablo E. Martínez López,Yasuhiko Tamura,Description of Reviewer_1 for article: 8439633,Description of Reviewer_2 for article: 8439633,EventAssign_8439633,EventRev1_8439633,EventRev2_8439633
Davide Pellis,Computational design of weingarten surfaces.,machine learning,2021-40,ACM Trans. Graph.,Group_2,Steven S. Seiden,Saif Al-Kuwari,Description of Reviewer_1 for article: 7946324,Description of Reviewer_2 for article: 7946324,EventAssign_7946324,EventRev1_7946324,EventRev2_7946324
Xuefeng Ding,Depth-aware image vectorization and editing.,natural language processing,2019-35,Vis. Comput.,Group_2,Zhenzhan Wang,Bilal Ahmad,Description of Reviewer_1 for article: 7677872,Description of Reviewer_2 for article: 7677872,EventAssign_7677872,EventRev1_7677872,EventRev2_7677872
Shiwen Mao,Smartphone Sonar-Based Contact-Free Respiration Rate Monitoring.,big data,2021-2,ACM Trans. Comput. Heal.,Group_3,A. Jávor,Massimiliano Comisso,Description of Reviewer_1 for article: 6708413,Description of Reviewer_2 for article: 6708413,EventAssign_6708413,EventRev1_6708413,EventRev2_6708413
Elaine Shi,Analysis of Deterministic Longest-Chain Protocols.,databases,2018-2018,IACR Cryptol. ePrint Arch.,Group_3,Jianfeng Huang,William Michael Landau,Description of Reviewer_1 for article: 8284769,Description of Reviewer_2 for article: 8284769,EventAssign_8284769,EventRev1_8284769,EventRev2_8284769
Elaine Shi,Estonian Voting Verification Mechanism Revisited.,Knowledge Discovery,2016-2016,IACR Cryptol. ePrint Arch.,Group_1,Dong Wang,Tian Zhao,Description of Reviewer_1 for article: 8275354,Description of Reviewer_2 for article: 8275354,EventAssign_8275354,EventRev1_8275354,EventRev2_8275354
Ulrike Püschmann,On Weighted BÜchi Automata with Order-Complete Weights.,natural language processing,2007-17,Int. J. Algebra Comput.,Group_1,Sridhar Seshadri,Andreas T. Ernst,Description of Reviewer_1 for article: 8362204,Description of Reviewer_2 for article: 8362204,EventAssign_8362204,EventRev1_8362204,EventRev2_8362204
Nai-Yang Deng,Weighted linear loss twin support vector machine for large-scale classification.,Knowledge Discovery,2015-73,Knowl. Based Syst.,Group_1,R. S. Ahluwalia,Shi-Kuo Chang,Description of Reviewer_1 for article: 7372894,Description of Reviewer_2 for article: 7372894,EventAssign_7372894,EventRev1_7372894,EventRev2_7372894
Lu Yu 0003,Special issue on AVS and its applications: Guest editorial.,natural language processing,2009-24,Signal Process. Image Commun.,Group_1,Bryan Houliston,Lei Ma,Description of Reviewer_1 for article: 8797656,Description of Reviewer_2 for article: 8797656,EventAssign_8797656,EventRev1_8797656,EventRev2_8797656
Witold Pedrycz,Formation of prototypes and their confidence regions in classification and concept formation problems.,databases,1991-12,Pattern Recognit. Lett.,Group_3,Jeroen Kuipers,Richard C. T. Lee,Description of Reviewer_1 for article: 6546807,Description of Reviewer_2 for article: 6546807,EventAssign_6546807,EventRev1_6546807,EventRev2_6546807
Hideaki Yamashita,Discrete-time analysis of a classified multi-server queue with burst arrivals and a shared buffer.,big data,1994-18,Queueing Syst. Theory Appl.,Group_1,Tadeusz Lasota,Zhenzhan Wang,Description of Reviewer_1 for article: 7512929,Description of Reviewer_2 for article: 7512929,EventAssign_7512929,EventRev1_7512929,EventRev2_7512929
Hao Ling,An Algorithm to Detect the Presence of 3D Target Motion from ISAR Data.,big data,2003-14,Multidimens. Syst. Signal Process.,Group_3,Randolph T. Yeh,Lu Yang 0005,Description of Reviewer_1 for article: 6353348,Description of Reviewer_2 for article: 6353348,EventAssign_6353348,EventRev1_6353348,EventRev2_6353348
Daqing Zhang 0001,NextCell: Predicting Location Using Social Interplay from Cell Phone Traces.,natural language processing,2015-64,IEEE Trans. Computers,Group_1,Aatira G. Nedungadi,John A. A. Sillince,Description of Reviewer_1 for article: 8954617,Description of Reviewer_2 for article: 8954617,EventAssign_8954617,EventRev1_8954617,EventRev2_8954617
Kumpati S. Narendra,Identification Using Feedforward Networks.,machine learning,1995-7,Neural Comput.,Group_1,Yasuhiko Tamura,Xu Zhang 0005,Description of Reviewer_1 for article: 7836847,Description of Reviewer_2 for article: 7836847,EventAssign_7836847,EventRev1_7836847,EventRev2_7836847
H. Ziya Ulukan,Investment Analysis Using Forecasted Cash Flows by Grey and Fuzzy Logics.,big data,2008-14,J. Multiple Valued Log. Soft Comput.,Group_3,Yao Li 0006,Jakub Wróblewski,Description of Reviewer_1 for article: 8269242,Description of Reviewer_2 for article: 8269242,EventAssign_8269242,EventRev1_8269242,EventRev2_8269242
Shuhao Sun,A new model of time scheme for progression of colorectal cancer.,databases,2014-8,BMC Syst. Biol.,Group_3,Andrew J. Bernoff,Georg F. Weiller,Description of Reviewer_1 for article: 8097219,Description of Reviewer_2 for article: 8097219,EventAssign_8097219,EventRev1_8097219,EventRev2_8097219
Seungkeun Park,Calculation Method of Spectrum Requirement for IMT-2020 eMBB and URLLC With Puncturing Based on M/G/1 Priority Queuing Model.,machine learning,2020-8,IEEE Access,Group_1,H. Ziya Ulukan,Ji Hwan Cha,Description of Reviewer_1 for article: 8417639,Description of Reviewer_2 for article: 8417639,EventAssign_8417639,EventRev1_8417639,EventRev2_8417639
David R. Smith,Complexity of Partially Defined Combinational Switching Functions.,big data,1971-20,IEEE Trans. Computers,Group_1,Alexander Dockhorn,Yen-Chang Chiu,Description of Reviewer_1 for article: 8959925,Description of Reviewer_2 for article: 8959925,EventAssign_8959925,EventRev1_8959925,EventRev2_8959925
Kristoffer Høgsbro Rose,Java access protection through typing.,big data,2001-13,Concurr. Comput. Pract. Exp.,Group_1,Aruna Jain,Jiubin Tan,Description of Reviewer_1 for article: 8340343,Description of Reviewer_2 for article: 8340343,EventAssign_8340343,EventRev1_8340343,EventRev2_8340343
Yiming Zhao,A Fiber Bragg Grating-Based Monitoring System for Roof Safety Control in Underground Coal Mining.,big data,2016-16,Sensors,Group_3,Kwabena A. Narh,Stefan Marks,Description of Reviewer_1 for article: 7420535,Description of Reviewer_2 for article: 7420535,EventAssign_7420535,EventRev1_7420535,EventRev2_7420535
Licheng Jiao,Imbalanced Learning-Based Automatic SAR Images Change Detection by Morphologically Supervised PCA-Net.,natural language processing,2019-16,IEEE Geosci. Remote. Sens. Lett.,Group_1,James H. Clark 0001,Cindy L. Bethel,Description of Reviewer_1 for article: 7701043,Description of Reviewer_2 for article: 7701043,EventAssign_7701043,EventRev1_7701043,EventRev2_7701043
Tomer Y. Morad,Task Scheduling Based On Thread Essence and Resource Limitations.,big data,2012-7,J. Comput.,Group_3,Jun Ye,Arne J. Glenstrup,Description of Reviewer_1 for article: 8622546,Description of Reviewer_2 for article: 8622546,EventAssign_8622546,EventRev1_8622546,EventRev2_8622546
Carles Rafels,On the dimension of the core of the assignment game.,machine learning,2008-64,Games Econ. Behav.,Group_3,Yosihiro Niwa,L. J. López-Reyes,Description of Reviewer_1 for article: 7733496,Description of Reviewer_2 for article: 7733496,EventAssign_7733496,EventRev1_7733496,EventRev2_7733496
Hu Xiong,Provably secure and efficient certificateless authenticated tripartite key agreement protocol.,big data,2012-55,Math. Comput. Model.,Group_3,Stefan Marks,Jie Shen 0001,Description of Reviewer_1 for article: 7502172,Description of Reviewer_2 for article: 7502172,EventAssign_7502172,EventRev1_7502172,EventRev2_7502172
Huifeng Li,Study on Chinese Low Carbon Economic Model.,Knowledge Discovery,2010-1,Int. J. Asian Bus. Inf. Manag.,Group_1,Lu Yu 0003,Liusheng Huang,Description of Reviewer_1 for article: 8021326,Description of Reviewer_2 for article: 8021326,EventAssign_8021326,EventRev1_8021326,EventRev2_8021326
Luiz F. G. Soares,Automatic Scheduling Of Hypermedia Documents With Elastic Times.,big data,2004-14,Parallel Process. Lett.,Group_1,Eugene Krissinel,Yun Lu,Description of Reviewer_1 for article: 7377559,Description of Reviewer_2 for article: 7377559,EventAssign_7377559,EventRev1_7377559,EventRev2_7377559
Makoto Kobayashi,Exploring molecular backgrounds of quality traits in rice by predictive models based on high-coverage metabolomics.,Knowledge Discovery,2011-5,BMC Syst. Biol.,Group_2,Butje Eddy Patuwo,Neil A. Dodgson,Description of Reviewer_1 for article: 8096952,Description of Reviewer_2 for article: 8096952,EventAssign_8096952,EventRev1_8096952,EventRev2_8096952
Efuwa A. Quansah,Approaching the digital divide in Sub-Saharan Africa: technological determinism or social constructivism?,databases,2007-3,Int. J. Knowl. Learn.,Group_2,Xiao Ying 0001,Mehmet Ekmekci,Description of Reviewer_1 for article: 8228572,Description of Reviewer_2 for article: 8228572,EventAssign_8228572,EventRev1_8228572,EventRev2_8228572
Yosihiro Niwa,Humanoid Robots in Waseda University-Hadaly-2 and WABIAN.,machine learning,2002-12,Auton. Robots,Group_3,Francisco Chiclana,Shlomo Shamai,Description of Reviewer_1 for article: 6360859,Description of Reviewer_2 for article: 6360859,EventAssign_6360859,EventRev1_6360859,EventRev2_6360859
Dagmar Stumpfe,Frequency of Occurrence and Potency Range Distribution of Activity Cliffs in Bioactive Compounds.,databases,2012-52,J. Chem. Inf. Model.,Group_3,Bing Xue 0001,Andreas Flache,Description of Reviewer_1 for article: 7271937,Description of Reviewer_2 for article: 7271937,EventAssign_7271937,EventRev1_7271937,EventRev2_7271937
Lijie Zhang,Multi-Objective Optimization Design of Constant Stress Accelerated Degradation Test Using Inverse Gaussian Process.,natural language processing,2019-7,IEEE Access,Group_2,Haizhou Li 0001,James Lam,Description of Reviewer_1 for article: 8409395,Description of Reviewer_2 for article: 8409395,EventAssign_8409395,EventRev1_8409395,EventRev2_8409395
Rosalind Pan,Implementing Digital Reference Services: Setting Standards and Making It Real.,big data,2004-38,Program,Group_2,Paul Cotter,Quan Leng,Description of Reviewer_1 for article: 8383730,Description of Reviewer_2 for article: 8383730,EventAssign_8383730,EventRev1_8383730,EventRev2_8383730
Kwabena A. Narh,A Simplified Model for the Melting of Polymer Pellets under Compression in a Twin-Screw Extruder.,big data,2006-82,Simul.,Group_2,P. Friderichsen,Neil A. Dodgson,Description of Reviewer_1 for article: 7322054,Description of Reviewer_2 for article: 7322054,EventAssign_7322054,EventRev1_7322054,EventRev2_7322054
Joris van der Hoeven,Around the numeric-symbolic computation of differential Galois groups.,natural language processing,2007-42,J. Symb. Comput.,Group_1,Tuan Wu,Suh-Yin Lee,Description of Reviewer_1 for article: 8533187,Description of Reviewer_2 for article: 8533187,EventAssign_8533187,EventRev1_8533187,EventRev2_8533187
Lina S. Mohjazi,Downlink Beamforming for SWIPT Multi-User MISO Underlay Cognitive Radio Networks.,databases,2017-21,IEEE Commun. Lett.,Group_1,Wenjun Chris Zhang,Andrew J. Bernoff,Description of Reviewer_1 for article: 8124802,Description of Reviewer_2 for article: 8124802,EventAssign_8124802,EventRev1_8124802,EventRev2_8124802
Bernard Donovan,A glimpse of journal publishing in China.,natural language processing,2000-13,Learn. Publ.,Group_3,Maria Paola Scaparra,Marinella Bertolotti,Description of Reviewer_1 for article: 6369287,Description of Reviewer_2 for article: 6369287,EventAssign_6369287,EventRev1_6369287,EventRev2_6369287
Shien-Chiang Yu,Developing an XML framework for an electronic document delivery system.,big data,2001-19,Electron. Libr.,Group_2,Daisy Monika Lal,Bo Wu 0006,Description of Reviewer_1 for article: 7330838,Description of Reviewer_2 for article: 7330838,EventAssign_7330838,EventRev1_7330838,EventRev2_7330838
Steven S. Seiden,Unfair Problems and Randomized Algorithms for Metrical Task Systems.,Knowledge Discovery,1999-148,Inf. Comput.,Group_3,B. R. Myers,Georgios M. Santipantakis,Description of Reviewer_1 for article: 7756530,Description of Reviewer_2 for article: 7756530,EventAssign_7756530,EventRev1_7756530,EventRev2_7756530
Mitsuhiro Ishihara,A Confocal Surface Measurement System Having Improved Measurement Accuracy for Rough Surfaces and Measurement Speed.,machine learning,2003-15,J. Robotics Mechatronics,Group_1,Licheng Jiao,Santhosh Amilpur,Description of Reviewer_1 for article: 6364458,Description of Reviewer_2 for article: 6364458,EventAssign_6364458,EventRev1_6364458,EventRev2_6364458
Martin Reczko,An update of the DEF database of protein fold class predictions.,natural language processing,1997-25,Nucleic Acids Res.,Group_3,Qiang Wang,Sara Mahdavi-Hezavehi,Description of Reviewer_1 for article: 6581830,Description of Reviewer_2 for article: 6581830,EventAssign_6581830,EventRev1_6581830,EventRev2_6581830
Mohammad Reza Meybodi,Balancing exploration and exploitation in memetic algorithms: A learning automata approach.,Knowledge Discovery,2018-34,Comput. Intell.,Group_1,Alan C. Tribble,Aart A. J. Matsinger,Description of Reviewer_1 for article: 6588066,Description of Reviewer_2 for article: 6588066,EventAssign_6588066,EventRev1_6588066,EventRev2_6588066
Hirofumi Tomita,Improved smoothness and homogeneity of icosahedral grids using the spring dynamics method.,databases,2014-258,J. Comput. Phys.,Group_1,Rafael Brundo Uriarte,Maria Letizia Corradini,Description of Reviewer_1 for article: 7976905,Description of Reviewer_2 for article: 7976905,EventAssign_7976905,EventRev1_7976905,EventRev2_7976905
Tao Jin,Change of the cerebrospinal fluid volume during brain activation investigated by T,databases,2010-51,NeuroImage,Group_2,Jiubin Tan,Nebojsa Jojic,Description of Reviewer_1 for article: 8652506,Description of Reviewer_2 for article: 8652506,EventAssign_8652506,EventRev1_8652506,EventRev2_8652506
Jiaxin Han,Analysis of students' learning and psychological features by contrast frequent patterns mining on academic performance.,big data,2020-32,Neural Comput. Appl.,Group_3,Yiyu Yao,Joseph DiPietro,Description of Reviewer_1 for article: 7468104,Description of Reviewer_2 for article: 7468104,EventAssign_7468104,EventRev1_7468104,EventRev2_7468104
Richard E. Smith,Andante: reducing side-chain rotamer search space during comparative modeling using environment-specific substitution probabilities.,databases,2007-23,Bioinform.,Group_2,Chan Fook Mun,Andreas Müller 0002,Description of Reviewer_1 for article: 8182900,Description of Reviewer_2 for article: 8182900,EventAssign_8182900,EventRev1_8182900,EventRev2_8182900
Jakub Wróblewski,First We Feel Then We Fall: James Joyce's Finnegans Wake as an interactive video application.,Knowledge Discovery,2017-32,Digit. Scholarsh. Humanit.,Group_2,Isaac Harris,Wenjun Chris Zhang,Description of Reviewer_1 for article: 7560083,Description of Reviewer_2 for article: 7560083,EventAssign_7560083,EventRev1_7560083,EventRev2_7560083
Robert Fitch,2015 IEEE RAS Summer School on Agricultural Robotics [Education].,databases,2015-22,IEEE Robotics Autom. Mag.,Group_1,Daisy Monika Lal,Robert J. Rossheim,Description of Reviewer_1 for article: 7333695,Description of Reviewer_2 for article: 7333695,EventAssign_7333695,EventRev1_7333695,EventRev2_7333695
Caishun Li,RMD: a rice mutant database for functional analysis of the rice genome.,machine learning,2006-34,Nucleic Acids Res.,Group_2,Randy Chiao,Georgios M. Santipantakis,Description of Reviewer_1 for article: 6580569,Description of Reviewer_2 for article: 6580569,EventAssign_6580569,EventRev1_6580569,EventRev2_6580569
M. Y. Chan,Election and symmetry breaking in synchronous general networks.,Knowledge Discovery,1993-17,Microprocess. Microsystems,Group_2,Sung Shik Koh,Hideaki Yamashita,Description of Reviewer_1 for article: 6798437,Description of Reviewer_2 for article: 6798437,EventAssign_6798437,EventRev1_6798437,EventRev2_6798437
Steven D. Johnson,Formal Methods in Embedded Design.,Knowledge Discovery,2003-36,Computer,Group_3,Huaguang Zhang,Dov M. Gabbay,Description of Reviewer_1 for article: 7851853,Description of Reviewer_2 for article: 7851853,EventAssign_7851853,EventRev1_7851853,EventRev2_7851853
Gary McGraw,Attacking Malicious Code: A Report to the Infosec Research Council.,natural language processing,2000-17,IEEE Softw.,Group_3,Yunting Zhang,Enrique Personal,Description of Reviewer_1 for article: 6427803,Description of Reviewer_2 for article: 6427803,EventAssign_6427803,EventRev1_6427803,EventRev2_6427803
Massimiliano Comisso,3D Millimeter-Wave Peer-to-Peer Networks With Boundary Located Destination.,Knowledge Discovery,2019-23,IEEE Commun. Lett.,Group_3,Sercan Ozcan,Armin B. Cremers,Description of Reviewer_1 for article: 8131259,Description of Reviewer_2 for article: 8131259,EventAssign_8131259,EventRev1_8131259,EventRev2_8131259
Yoram Bachrach,Fingerprints for highly similar streams.,Knowledge Discovery,2015-244,Inf. Comput.,Group_2,Yipin Sun,Shi-Kuo Chang,Description of Reviewer_1 for article: 7760692,Description of Reviewer_2 for article: 7760692,EventAssign_7760692,EventRev1_7760692,EventRev2_7760692
Bruce Fischl,Robust joint registration of multiple stains and MRI for multimodal 3D histology reconstruction: Application to the Allen human brain atlas.,databases,2022-75,Medical Image Anal.,Group_2,Biplab Sikdar,H. Paul Zeiger,Description of Reviewer_1 for article: 6613781,Description of Reviewer_2 for article: 6613781,EventAssign_6613781,EventRev1_6613781,EventRev2_6613781
Leo Gordon,Ensembl 2015.,Knowledge Discovery,2015-43,Nucleic Acids Res.,Group_2,Rafael I. Nepomechie,Ibrahim Takouna,Description of Reviewer_1 for article: 6581345,Description of Reviewer_2 for article: 6581345,EventAssign_6581345,EventRev1_6581345,EventRev2_6581345
Yiyu Yao,Three-Way Decisions and Cognitive Computing.,machine learning,2016-8,Cogn. Comput.,Group_3,Alejandra Sanchez,Janghoon Kim,Description of Reviewer_1 for article: 8680207,Description of Reviewer_2 for article: 8680207,EventAssign_8680207,EventRev1_8680207,EventRev2_8680207
Luis Gonzaga Sales Vasconcelos,Blast furnace hot metal temperature and silicon content prediction using soft sensor based on fuzzy ,Knowledge Discovery,2020-141,Comput. Chem. Eng.,Group_1,Nai-Yang Deng,Eduardo Ros Vidal,Description of Reviewer_1 for article: 8079801,Description of Reviewer_2 for article: 8079801,EventAssign_8079801,EventRev1_8079801,EventRev2_8079801
Hongyuan Gao,Joint Antenna Selection and Power Allocation for Secure Co-Time Co-Frequency Full-Duplex Massive MIMO Systems.,big data,2021-70,IEEE Trans. Veh. Technol.,Group_2,Tuan Wu,Dirk Roose,Description of Reviewer_1 for article: 8304811,Description of Reviewer_2 for article: 8304811,EventAssign_8304811,EventRev1_8304811,EventRev2_8304811
Jeffrey E. Schaller,Note on minimizing total tardiness in a two-machine flowshop.,natural language processing,2005-32,Comput. Oper. Res.,Group_3,Paul Cotter,Lucas Prilenski,Description of Reviewer_1 for article: 6734811,Description of Reviewer_2 for article: 6734811,EventAssign_6734811,EventRev1_6734811,EventRev2_6734811
Karsten Henckell,Idempotent Pointlike Sets.,machine learning,2004-14,Int. J. Algebra Comput.,Group_2,Andreas Müller 0002,Yin Chaohui,Description of Reviewer_1 for article: 8362988,Description of Reviewer_2 for article: 8362988,EventAssign_8362988,EventRev1_8362988,EventRev2_8362988
Eduardo Ros Vidal,Competitive and Temporal Inhibition Structures with Spiking Neurons.,databases,2000-11,Neural Process. Lett.,Group_3,Robert J. Rossheim,Sophie D'Amours,Description of Reviewer_1 for article: 7912853,Description of Reviewer_2 for article: 7912853,EventAssign_7912853,EventRev1_7912853,EventRev2_7912853
Ibrahim Takouna,Multiperiod robust optimization for proactive resource provisioning in virtualized data centers.,Knowledge Discovery,2014-70,J. Supercomput.,Group_3,Fred T. Krogh,Daiqian Xie,Description of Reviewer_1 for article: 8704585,Description of Reviewer_2 for article: 8704585,EventAssign_8704585,EventRev1_8704585,EventRev2_8704585
John Mortimer,BMW moves to an integrated solution at Oxford.,machine learning,2005-32,Ind. Robot,Group_3,A. Jávor,Ismat Beg,Description of Reviewer_1 for article: 7461380,Description of Reviewer_2 for article: 7461380,EventAssign_7461380,EventRev1_7461380,EventRev2_7461380
Liusheng Huang,Home-Based Zero-Knowledge Multi-Copy Routing in Mobile Social Networks.,machine learning,2015-26,IEEE Trans. Parallel Distributed Syst.,Group_3,Robert Hartung,Daqing Zhang 0001,Description of Reviewer_1 for article: 6266144,Description of Reviewer_2 for article: 6266144,EventAssign_6266144,EventRev1_6266144,EventRev2_6266144
Yasuhiko Tamura,Method of Image Green's Function in Grating Theory: Reflection Extinction Theorem.,databases,2013-96-C,IEICE Trans. Electron.,Group_3,Guangyi Liu,Georg F. Weiller,Description of Reviewer_1 for article: 6561938,Description of Reviewer_2 for article: 6561938,EventAssign_6561938,EventRev1_6561938,EventRev2_6561938
Aruna Jain,Empirical analysis of linguistic and paralinguistic information for automatic dialect classification.,big data,2019-51,Artif. Intell. Rev.,Group_1,Saif Al-Kuwari,Karen J. Mullinger,Description of Reviewer_1 for article: 6237324,Description of Reviewer_2 for article: 6237324,EventAssign_6237324,EventRev1_6237324,EventRev2_6237324
John R. Smith,The Not So Newlywed Game.,big data,2010-17,IEEE Multim.,Group_1,Hongwu Ma,Christian Sallaberry,Description of Reviewer_1 for article: 8801128,Description of Reviewer_2 for article: 8801128,EventAssign_8801128,EventRev1_8801128,EventRev2_8801128
Dieter Haas,Approximation of Zonoids by Zonotopes in Fixed Directions.,natural language processing,1994-11,Discret. Comput. Geom.,Group_3,Riste Skrekovski,Kanghong Jing,Description of Reviewer_1 for article: 7884192,Description of Reviewer_2 for article: 7884192,EventAssign_7884192,EventRev1_7884192,EventRev2_7884192
Paula C. Sanematsu,Pore-scale modeling of nanoparticle transport and retention in real porous materials.,natural language processing,2019-127,Comput. Geosci.,Group_1,Andrew J. Bernoff,János Sztrik,Description of Reviewer_1 for article: 7961328,Description of Reviewer_2 for article: 7961328,EventAssign_7961328,EventRev1_7961328,EventRev2_7961328
Eric Stofsky,OCRSpell: an interactive spelling correction system for OCR errors in text.,natural language processing,2001-3,Int. J. Document Anal. Recognit.,Group_2,Md. Masud Rana 0001,Georg F. Weiller,Description of Reviewer_1 for article: 7707853,Description of Reviewer_2 for article: 7707853,EventAssign_7707853,EventRev1_7707853,EventRev2_7707853
Andreas Pecht,Distributions of occupation times of Brownian motion with drift.,big data,1999-3,Adv. Decis. Sci.,Group_3,Wanrong Zhang 0002,Yun Lu,Description of Reviewer_1 for article: 8840592,Description of Reviewer_2 for article: 8840592,EventAssign_8840592,EventRev1_8840592,EventRev2_8840592
Andreas Flache,How to get the timing right. A computational model of the effects of the timing of contacts on team cohesion in demographically diverse teams.,databases,2008-14,Comput. Math. Organ. Theory,Group_2,Xiwang Zhang,Liusheng Huang,Description of Reviewer_1 for article: 7965555,Description of Reviewer_2 for article: 7965555,EventAssign_7965555,EventRev1_7965555,EventRev2_7965555
Nikolaj Bjørner,Foreword.,Knowledge Discovery,2012-47,J. Symb. Comput.,Group_3,Michel Mandjes,Ismat Beg,Description of Reviewer_1 for article: 8532096,Description of Reviewer_2 for article: 8532096,EventAssign_8532096,EventRev1_8532096,EventRev2_8532096
Hoang Viet Long,An Internet of Things assisted Unmanned Aerial Vehicle based artificial intelligence model for rice pest detection.,natural language processing,2021-80,Microprocess. Microsystems,Group_2,Bilal Ahmad,Huan Liu 0001,Description of Reviewer_1 for article: 6797767,Description of Reviewer_2 for article: 6797767,EventAssign_6797767,EventRev1_6797767,EventRev2_6797767
Chang-Yuan Gao,Moderating Effects of Gender and Resistance to Change on the Adoption of Big Data Analytics in Healthcare.,big data,2020-2020,Complex.,Group_2,V. Gourishankar,Hanoch Lev-Ari,Description of Reviewer_1 for article: 6383949,Description of Reviewer_2 for article: 6383949,EventAssign_6383949,EventRev1_6383949,EventRev2_6383949
Hsin-Kai Wu,Integrating a mobile augmented reality activity to contextualize student learning of a socioscientific issue.,Knowledge Discovery,2013-44,Br. J. Educ. Technol.,Group_2,Rajesh Kumar Pateriya,Shuang Zhou 0014,Description of Reviewer_1 for article: 7691103,Description of Reviewer_2 for article: 7691103,EventAssign_7691103,EventRev1_7691103,EventRev2_7691103
Randolph T. Yeh,On the Design of Elementary Distributed Systems.,big data,1979-3,Comput. Networks,Group_1,H. Paul Zeiger,Scott Henninger,Description of Reviewer_1 for article: 7295283,Description of Reviewer_2 for article: 7295283,EventAssign_7295283,EventRev1_7295283,EventRev2_7295283
Paul L. Rosin,Early Image Representation by Slope Districts.,Knowledge Discovery,1995-6,J. Vis. Commun. Image Represent.,Group_2,Xiaoli Li 0011,S. Sreenadh,Description of Reviewer_1 for article: 7823567,Description of Reviewer_2 for article: 7823567,EventAssign_7823567,EventRev1_7823567,EventRev2_7823567
Davide Crapis,Information Sale and Competition.,natural language processing,2019-65,Manag. Sci.,Group_3,Lei Ma,Abdeldjalil Slama,Description of Reviewer_1 for article: 7797248,Description of Reviewer_2 for article: 7797248,EventAssign_7797248,EventRev1_7797248,EventRev2_7797248
Samrat Bhattacharjee,Directions in active networks.,natural language processing,1998-36,IEEE Commun. Mag.,Group_2,Tao Jin,Shi-Kuo Chang,Description of Reviewer_1 for article: 8290473,Description of Reviewer_2 for article: 8290473,EventAssign_8290473,EventRev1_8290473,EventRev2_8290473
Baokang Zhao,Generating Lightweight Behavioral Signature for Malware Detection in People-Centric Sensing.,machine learning,2014-75,Wirel. Pers. Commun.,Group_2,Witold Pedrycz,Tianhong Zhu,Description of Reviewer_1 for article: 6406059,Description of Reviewer_2 for article: 6406059,EventAssign_6406059,EventRev1_6406059,EventRev2_6406059
Harish Chandran,Tile Complexity of Linear Assemblies.,databases,2012-41,SIAM J. Comput.,Group_3,Liusheng Huang,Yasuhiko Tamura,Description of Reviewer_1 for article: 7665435,Description of Reviewer_2 for article: 7665435,EventAssign_7665435,EventRev1_7665435,EventRev2_7665435
Hugues Déprés,Spanning eulerian subdigraphs avoiding k prescribed arcs in tournaments.,Knowledge Discovery,2020-343,Discret. Math.,Group_1,Jakub Wróblewski,Sercan Ozcan,Description of Reviewer_1 for article: 8472773,Description of Reviewer_2 for article: 8472773,EventAssign_8472773,EventRev1_8472773,EventRev2_8472773
Jianfeng Huang,A training sequence parallel detection technology based on timeslot sliding window.,Knowledge Discovery,2014-2014,EURASIP J. Wirel. Commun. Netw.,Group_1,Aruna Jain,Jeffrey Hernandez,Description of Reviewer_1 for article: 8462386,Description of Reviewer_2 for article: 8462386,EventAssign_8462386,EventRev1_8462386,EventRev2_8462386
William Maniatty,Systems Support for Scalable Data Mining.,big data,2000-2,SIGKDD Explor.,Group_3,Ernie Brickell,Timothy Kam,Description of Reviewer_1 for article: 7568108,Description of Reviewer_2 for article: 7568108,EventAssign_7568108,EventRev1_7568108,EventRev2_7568108
Jiwei Qin,Pruning Optimization over Threshold-Based Historical Continuous Query.,Knowledge Discovery,2019-12,Algorithms,Group_1,Anthony Przybylski,Rui Zhang 0034,Description of Reviewer_1 for article: 7952179,Description of Reviewer_2 for article: 7952179,EventAssign_7952179,EventRev1_7952179,EventRev2_7952179
Jangwoo Park,A Planar Symmetric Walking Cancellation Algorithm for a Foot - Platform Locomotion Interface.,Knowledge Discovery,2010-29,Int. J. Robotics Res.,Group_3,Shiwen Mao,Danny Kopec,Description of Reviewer_1 for article: 8238725,Description of Reviewer_2 for article: 8238725,EventAssign_8238725,EventRev1_8238725,EventRev2_8238725
Yunfeng Ge,FAPP: 一个基于浮动车的VANETs隐私保护协议 (FAPP: A Float-car-aided Privacy-preserving Authentication Protocol for VANETs).,natural language processing,2015-42,计算机科学,Group_1,Alexandra A. Vetrova,Bernard Donovan,Description of Reviewer_1 for article: 7240281,Description of Reviewer_2 for article: 7240281,EventAssign_7240281,EventRev1_7240281,EventRev2_7240281
Andreas L. Opdahl,An ontology for enterprise and information systems modelling.,databases,2012-7,Appl. Ontology,Group_2,Aurélien Baillon,Jingyu Han,Description of Reviewer_1 for article: 6637186,Description of Reviewer_2 for article: 6637186,EventAssign_6637186,EventRev1_6637186,EventRev2_6637186
Holger Karl,Bridging the gap between distributed shared memory and message passing.,natural language processing,10-db/journals/concurrency/concurrency10.html#Karl98,Concurr. Pract. Exp.,Group_2,Jie Zhang 0003,D. K. R. Babajee,Description of Reviewer_1 for article: 8341652,Description of Reviewer_2 for article: 8341652,EventAssign_8341652,EventRev1_8341652,EventRev2_8341652
Jeffrey Hernandez,Wavelet Features of the Thickness Map of Retinal Ganglion Cell-Inner Plexiform Layer Best Discriminate Prior Optic Neuritis in Patients With Multiple Sclerosis.,Knowledge Discovery,2020-8,IEEE Access,Group_2,Lan Ye,Yipin Sun,Description of Reviewer_1 for article: 8428837,Description of Reviewer_2 for article: 8428837,EventAssign_8428837,EventRev1_8428837,EventRev2_8428837
Qiang Wang,Theoretical and Experimental Study of Heterodyne Phase-Sensitive Dispersion Spectroscopy with an Injection-Current-Modulated Quantum Cascade Laser.,databases,2020-20,Sensors,Group_2,Siva Nadarajah,Klimis S. Ntalianis,Description of Reviewer_1 for article: 7405569,Description of Reviewer_2 for article: 7405569,EventAssign_7405569,EventRev1_7405569,EventRev2_7405569
Lucas Prilenski,A sub 1-volt subthreshold bandgap reference at the 14 nm FinFET node.,big data,2018-79,Microelectron. J.,Group_3,Graziella Caprarelli,Hongyuan Gao,Description of Reviewer_1 for article: 7915303,Description of Reviewer_2 for article: 7915303,EventAssign_7915303,EventRev1_7915303,EventRev2_7915303
Håkon Tjelmeland,Approximate forward-backward algorithm for a switching linear Gaussian model.,natural language processing,2011-55,Comput. Stat. Data Anal.,Group_2,Daniel Panario,Yulong Huang,Description of Reviewer_1 for article: 8820462,Description of Reviewer_2 for article: 8820462,EventAssign_8820462,EventRev1_8820462,EventRev2_8820462
Sang-Chul Lee,Reducing redundancy in wireless capsule endoscopy videos.,Knowledge Discovery,2013-43,Comput. Biol. Medicine,Group_3,Rafael I. Nepomechie,William Michael Landau,Description of Reviewer_1 for article: 8870053,Description of Reviewer_2 for article: 8870053,EventAssign_8870053,EventRev1_8870053,EventRev2_8870053
Liangliang Li,Saliency-Guided Nonsubsampled Shearlet Transform for Multisource Remote Sensing Image Fusion.,databases,2021-21,Sensors,Group_1,Patrick Gallinari,Mukesh Kumar,Description of Reviewer_1 for article: 7413719,Description of Reviewer_2 for article: 7413719,EventAssign_7413719,EventRev1_7413719,EventRev2_7413719
Sophie D'Amours,Roll assortment optimization in a paper mill: An integer programming approach.,Knowledge Discovery,2008-35,Comput. Oper. Res.,Group_3,Daniel Panario,Mohammad Ranjbar,Description of Reviewer_1 for article: 6732151,Description of Reviewer_2 for article: 6732151,EventAssign_6732151,EventRev1_6732151,EventRev2_6732151
Kang Gu,SymptomID: A Framework for Rapid Symptom Identification in Pandemics Using News Reports.,natural language processing,2021-12,ACM Trans. Manag. Inf. Syst.,Group_1,Sara Mahdavi-Hezavehi,R. Meaille,Description of Reviewer_1 for article: 8646691,Description of Reviewer_2 for article: 8646691,EventAssign_8646691,EventRev1_8646691,EventRev2_8646691
Luisa Mosti,In silico rationalization of the structural and physicochemical requirements for photobiological activity in angelicine derivatives and their heteroanalogues.,big data,2003-17,J. Comput. Aided Mol. Des.,Group_1,Biplab Sikdar,Yao Li 0006,Description of Reviewer_1 for article: 8720273,Description of Reviewer_2 for article: 8720273,EventAssign_8720273,EventRev1_8720273,EventRev2_8720273
Anton A. Marchenko,Instruments supporting role-based excercises using STAD strategy in e-learning systems.,big data,2018-21,Russ. Digit. Libr. J.,Group_3,Michael Thomas,Anna Lisa Ferrara,Description of Reviewer_1 for article: 8300745,Description of Reviewer_2 for article: 8300745,EventAssign_8300745,EventRev1_8300745,EventRev2_8300745
Eugene Krissinel,Stock-based detection of protein oligomeric states in jsPISA.,databases,2015-43,Nucleic Acids Res.,Group_2,Håkon Tjelmeland,Dongfang Yang,Description of Reviewer_1 for article: 6579799,Description of Reviewer_2 for article: 6579799,EventAssign_6579799,EventRev1_6579799,EventRev2_6579799
Mingyan Li,Design of secure multicast key management schemes with communication budget constraint.,databases,2002-6,IEEE Commun. Lett.,Group_1,Andrea Capiluppi,Yipin Sun,Description of Reviewer_1 for article: 8127259,Description of Reviewer_2 for article: 8127259,EventAssign_8127259,EventRev1_8127259,EventRev2_8127259
Martin Kampel,Efficient Scale- and Rotation-Invariant Encoding of Visual Words for Image Classification.,Knowledge Discovery,2015-22,IEEE Signal Process. Lett.,Group_2,Nai-Yang Deng,Roderich Gross,Description of Reviewer_1 for article: 7315221,Description of Reviewer_2 for article: 7315221,EventAssign_7315221,EventRev1_7315221,EventRev2_7315221
G. G. Gustafson,Some practical experiences formatting Pascal programs.,Knowledge Discovery,1979-14,ACM SIGPLAN Notices,Group_2,Jingyu Han,Wenjun Chris Zhang,Description of Reviewer_1 for article: 6806036,Description of Reviewer_2 for article: 6806036,EventAssign_6806036,EventRev1_6806036,EventRev2_6806036
Evans C. Coutinho,A comprehensive analysis of the thermodynamic events involved in ligand-receptor binding using CoRIA and its variants.,Knowledge Discovery,2008-22,J. Comput. Aided Mol. Des.,Group_2,Jiwei Qin,Neil A. Dodgson,Description of Reviewer_1 for article: 8720027,Description of Reviewer_2 for article: 8720027,EventAssign_8720027,EventRev1_8720027,EventRev2_8720027
Mikko Kolehmainen,Financial innovation: Credit default hybrid model for SME lending.,databases,2016-61,Expert Syst. Appl.,Group_3,Jyh-Chyi Gong,Marinella Bertolotti,Description of Reviewer_1 for article: 6329059,Description of Reviewer_2 for article: 6329059,EventAssign_6329059,EventRev1_6329059,EventRev2_6329059
Sanyang Liu,Univex Interval-Valued Mapping with Differentiability and Its Application in Nonlinear Programming.,databases,2013-2013,J. Appl. Math.,Group_3,Sung Shik Koh,Luis Gonzaga Sales Vasconcelos,Description of Reviewer_1 for article: 7311597,Description of Reviewer_2 for article: 7311597,EventAssign_7311597,EventRev1_7311597,EventRev2_7311597
Aatira G. Nedungadi,Block coherence: a method for measuring the interdependence between two blocks of neurobiological time series.,databases,2011-104,Biol. Cybern.,Group_2,Jun Cheng 0002,Rafael Brundo Uriarte,Description of Reviewer_1 for article: 8573115,Description of Reviewer_2 for article: 8573115,EventAssign_8573115,EventRev1_8573115,EventRev2_8573115
Lei Yu 0006,Line Spectral Estimation Based on Compressed Sensing with Deterministic Sub-Nyquist Sampling.,databases,2018-37,Circuits Syst. Signal Process.,Group_3,Yingpu Deng,Tino Weinkauf,Description of Reviewer_1 for article: 8536810,Description of Reviewer_2 for article: 8536810,EventAssign_8536810,EventRev1_8536810,EventRev2_8536810
I. R. Wilson,Dynamically Structured Data.,big data,1981-11,Softw. Pract. Exp.,Group_1,Hsin-Kai Wu,Thomas Brandmeier,Description of Reviewer_1 for article: 8595780,Description of Reviewer_2 for article: 8595780,EventAssign_8595780,EventRev1_8595780,EventRev2_8595780
Mitsuru Kodama,Strategic business applications and new virtual knowledge-based businesses through community-based information networks.,Knowledge Discovery,1999-7,Inf. Manag. Comput. Secur.,Group_3,Zaifang Zhang,Nor Aina Mohd Jai,Description of Reviewer_1 for article: 8717571,Description of Reviewer_2 for article: 8717571,EventAssign_8717571,EventRev1_8717571,EventRev2_8717571
